Celular,Fecha del despliegue,Estado del despliegue,Estado de la conversación,Estado de la sesión,última actividad,deployment_squad,hubspot_firstname,hubspot_mensaje_2,hubspot_treble_avances_emp_0,hubspot_transferir_asesor
+573000000025,2025-05-20 00:00:00,ENVIADO,SIN RESPUESTA,ACTIVA,2025-05-20 00:00:00,Team B,Juan,B,2,NO
+573000000392,2025-05-20 00:00:00,ENVIADO,SIN RESPUESTA,N/A,2025-05-20 00:00:00,Team A,Juan,D,2,NO
+573000000444,2025-05-20 00:00:00,ENVIADO,CERRADA,N/A,2025-05-20 00:00:00,Team B,Juan,D,1,NO
+573000000312,2025-05-20 00:00:00,ENVIADO,SIN RESPUESTA,N/A,2025-05-20 00:00:00,Team A,Carlos,A,1,NO
+573000000374,2025-05-20 00:00:00,ENVIADO,SIN RESPUESTA,N/A,2025-05-20 00:00:00,Team C,Ana,D,0,NO
+573000000151,2025-05-20 00:00:00,ENVIADO,ABIERTA,ACTIVA,2025-05-20 00:00:00,Team B,Carlos,D,1,NO
+573000000004,2025-05-20 00:00:00,ENVIADO,CERRADA,N/A,2025-05-20 00:00:00,Team B,Ana,D,2,NO
+573000000021,2025-05-21 00:00:00,ENVIADO,ABIERTA,ACTIVA,2025-05-21 00:00:00,Team A,Carlos,B,1,NO
+573000000110,2025-05-21 00:00:00,FALLIDO,CERRADA,N/A,2025-05-21 00:00:00,Team A,María,D,0,NO
+573000000054,2025-05-21 00:00:00,PENDIENTE,SIN RESPUESTA,ACTIVA,2025-05-21 00:00:00,Team B,María,A,1,NO
+573000000166,2025-05-21 00:00:00,FALLIDO,CERRADA,EXPIRADA,2025-05-21 00:00:00,Team B,Luisa,D,1,NO
+573000000489,2025-05-21 00:00:00,ENVIADO,CERRADA,EXPIRADA,2025-05-21 00:00:00,Team C,Luisa,A,2,NO
+573000000106,2025-05-22 00:00:00,PENDIENTE,SIN RESPUESTA,N/A,2025-05-22 00:00:00,Team B,Ana,C,0,NO
+573000000476,2025-05-22 00:00:00,ENVIADO,ABIERTA,N/A,2025-05-22 00:00:00,Team A,Carlos,A,1,NO
+573000000376,2025-05-22 00:00:00,FALLIDO,CERRADA,EXPIRADA,2025-05-22 00:00:00,Team A,Carlos,D,1,NO
+573000000365,2025-05-22 00:00:00,ENVIADO,CERRADA,ACTIVA,2025-05-22 00:00:00,Team C,María,A,1,SI
+573000000288,2025-05-22 00:00:00,ENVIADO,CERRADA,EXPIRADA,2025-05-22 00:00:00,Team A,Carlos,C,1,SI
+573000000352,2025-05-22 00:00:00,PENDIENTE,ABIERTA,EXPIRADA,2025-05-22 00:00:00,Team B,Ana,B,1,NO
+573000000048,2025-05-23 00:00:00,PENDIENTE,ABIERTA,ACTIVA,2025-05-23 00:00:00,Team C,Juan,B,2,SI
+573000000436,2025-05-23 00:00:00,FALLIDO,CERRADA,ACTIVA,2025-05-23 00:00:00,Team A,Ana,A,2,NO
+573000000298,2025-05-23 00:00:00,FALLIDO,SIN RESPUESTA,N/A,2025-05-23 00:00:00,Team A,Juan,A,0,NO
+573000000482,2025-05-24 00:00:00,ENVIADO,ABIERTA,ACTIVA,2025-05-24 00:00:00,Team B,Carlos,C,0,NO
+573000000069,2025-05-24 00:00:00,ENVIADO,ABIERTA,ACTIVA,2025-05-24 00:00:00,Team C,María,A,0,NO
+573000000178,2025-05-24 00:00:00,PENDIENTE,ABIERTA,ACTIVA,2025-05-24 00:00:00,Team B,Juan,D,1,NO
+573000000331,2025-05-25 00:00:00,FALLIDO,ABIERTA,EXPIRADA,2025-05-25 00:00:00,Team B,María,D,0,NO
+573000000122,2025-05-25 00:00:00,ENVIADO,SIN RESPUESTA,ACTIVA,2025-05-25 00:00:00,Team A,Ana,D,2,NO
+573000000034,2025-05-25 00:00:00,FALLIDO,ABIERTA,N/A,2025-05-25 00:00:00,Team B,Luisa,A,1,NO
+573000000406,2025-05-25 00:00:00,ENVIADO,SIN RESPUESTA,EXPIRADA,2025-05-25 00:00:00,Team C,Juan,C,2,NO
+573000000450,2025-05-26 00:00:00,ENVIADO,SIN RESPUESTA,EXPIRADA,2025-05-26 00:00:00,Team A,María,B,0,NO
+573000000428,2025-05-26 00:00:00,ENVIADO,ABIERTA,ACTIVA,2025-05-26 00:00:00,Team B,Ana,C,1,SI
+573000000404,2025-05-26 00:00:00,ENVIADO,ABIERTA,EXPIRADA,2025-05-26 00:00:00,Team A,Ana,B,2,NO
+573000000139,2025-05-26 00:00:00,ENVIADO,SIN RESPUESTA,N/A,2025-05-26 00:00:00,Team B,Carlos,D,2,NO
+573000000227,2025-05-26 00:00:00,ENVIADO,ABIERTA,EXPIRADA,2025-05-26 00:00:00,Team C,Luisa,D,1,NO
+573000000384,2025-05-26 00:00:00,PENDIENTE,SIN RESPUESTA,ACTIVA,2025-05-26 00:00:00,Team A,Juan,C,1,NO
+573000000293,2025-05-26 00:00:00,ENVIADO,SIN RESPUESTA,ACTIVA,2025-05-26 00:00:00,Team C,María,C,0,NO
+573000000084,2025-05-26 00:00:00,ENVIADO,SIN RESPUESTA,EXPIRADA,2025-05-26 00:00:00,Team C,Luisa,C,0,SI
+573000000181,2025-05-27 00:00:00,ENVIADO,ABIERTA,N/A,2025-05-27 00:00:00,Team B,María,A,0,NO
+573000000342,2025-05-27 00:00:00,ENVIADO,SIN RESPUESTA,ACTIVA,2025-05-27 00:00:00,Team C,María,D,2,NO
+573000000313,2025-05-27 00:00:00,ENVIADO,SIN RESPUESTA,ACTIVA,2025-05-27 00:00:00,Team B,Luisa,A,1,SI
+573000000447,2025-05-27 00:00:00,FALLIDO,SIN RESPUESTA,ACTIVA,2025-05-27 00:00:00,Team C,Luisa,A,2,SI
+573000000330,2025-05-27 00:00:00,PENDIENTE,SIN RESPUESTA,ACTIVA,2025-05-27 00:00:00,Team A,María,B,1,SI
+573000000049,2025-05-27 00:00:00,ENVIADO,SIN RESPUESTA,ACTIVA,2025-05-27 00:00:00,Team C,María,D,0,SI
+573000000000,2025-05-27 00:00:00,ENVIADO,CERRADA,N/A,2025-05-27 00:00:00,Team B,Carlos,B,2,NO
+573000000214,2025-05-28 00:00:00,PENDIENTE,SIN RESPUESTA,EXPIRADA,2025-05-28 00:00:00,Team B,María,A,2,NO
+573000000361,2025-05-28 00:00:00,FALLIDO,ABIERTA,EXPIRADA,2025-05-28 00:00:00,Team B,Juan,D,2,SI
+573000000260,2025-05-28 00:00:00,ENVIADO,ABIERTA,EXPIRADA,2025-05-28 00:00:00,Team A,María,A,0,NO
+573000000405,2025-05-28 00:00:00,PENDIENTE,SIN RESPUESTA,ACTIVA,2025-05-28 00:00:00,Team C,María,B,1,SI
+573000000497,2025-05-28 00:00:00,ENVIADO,CERRADA,ACTIVA,2025-05-28 00:00:00,Team A,Ana,C,0,NO
+573000000032,2025-05-28 00:00:00,FALLIDO,SIN RESPUESTA,N/A,2025-05-28 00:00:00,Team B,Juan,A,0,NO
+573000000082,2025-05-28 00:00:00,FALLIDO,ABIERTA,N/A,2025-05-28 00:00:00,Team C,Juan,B,0,NO
+573000000340,2025-05-29 00:00:00,FALLIDO,SIN RESPUESTA,N/A,2025-05-29 00:00:00,Team B,Ana,A,1,NO
+573000000314,2025-05-29 00:00:00,ENVIADO,ABIERTA,ACTIVA,2025-05-29 00:00:00,Team A,Juan,D,2,NO
+573000000027,2025-05-29 00:00:00,PENDIENTE,ABIERTA,ACTIVA,2025-05-29 00:00:00,Team B,Ana,C,2,NO
+573000000441,2025-05-29 00:00:00,ENVIADO,CERRADA,N/A,2025-05-29 00:00:00,Team A,Carlos,C,2,NO
+573000000485,2025-05-29 00:00:00,ENVIADO,SIN RESPUESTA,ACTIVA,2025-05-29 00:00:00,Team B,Luisa,D,2,NO
+573000000231,2025-05-30 00:00:00,ENVIADO,ABIERTA,ACTIVA,2025-05-30 00:00:00,Team A,María,A,1,NO
+573000000055,2025-05-30 00:00:00,ENVIADO,CERRADA,EXPIRADA,2025-05-30 00:00:00,Team A,Juan,D,2,NO
+573000000388,2025-05-30 00:00:00,PENDIENTE,ABIERTA,ACTIVA,2025-05-30 00:00:00,Team B,Carlos,C,1,SI
+573000000236,2025-05-31 00:00:00,PENDIENTE,SIN RESPUESTA,N/A,2025-05-31 00:00:00,Team B,Luisa,B,1,SI
+573000000273,2025-05-31 00:00:00,ENVIADO,SIN RESPUESTA,ACTIVA,2025-05-31 00:00:00,Team B,Juan,D,2,NO
+573000000437,2025-05-31 00:00:00,ENVIADO,SIN RESPUESTA,ACTIVA,2025-05-31 00:00:00,Team A,María,A,1,NO
+573000000341,2025-05-31 00:00:00,ENVIADO,ABIERTA,EXPIRADA,2025-05-31 00:00:00,Team A,Luisa,A,0,NO
+573000000115,2025-05-31 00:00:00,ENVIADO,ABIERTA,ACTIVA,2025-05-31 00:00:00,Team A,María,C,0,NO
+573000000229,2025-05-31 00:00:00,FALLIDO,CERRADA,EXPIRADA,2025-05-31 00:00:00,Team C,María,B,2,NO
+573000000376,2025-05-31 00:00:00,ENVIADO,ABIERTA,EXPIRADA,2025-05-31 00:00:00,Team B,Juan,B,1,NO
+573000000151,2025-05-31 00:00:00,ENVIADO,CERRADA,EXPIRADA,2025-05-31 00:00:00,Team A,Luisa,D,0,NO
+573000000434,2025-06-01 00:00:00,ENVIADO,ABIERTA,EXPIRADA,2025-06-01 00:00:00,Team B,María,C,1,NO
+573000000255,2025-06-01 00:00:00,ENVIADO,SIN RESPUESTA,N/A,2025-06-01 00:00:00,Team B,María,C,2,NO
+573000000264,2025-06-01 00:00:00,ENVIADO,SIN RESPUESTA,N/A,2025-06-01 00:00:00,Team B,Ana,D,0,NO
+573000000221,2025-06-01 00:00:00,ENVIADO,CERRADA,N/A,2025-06-01 00:00:00,Team B,Ana,C,1,NO
+573000000443,2025-06-01 00:00:00,ENVIADO,CERRADA,ACTIVA,2025-06-01 00:00:00,Team B,Juan,A,1,NO
+573000000124,2025-06-01 00:00:00,ENVIADO,SIN RESPUESTA,N/A,2025-06-01 00:00:00,Team B,Carlos,A,0,SI
+573000000016,2025-06-02 00:00:00,ENVIADO,CERRADA,ACTIVA,2025-06-02 00:00:00,Team C,María,C,1,NO
+573000000012,2025-06-02 00:00:00,ENVIADO,CERRADA,N/A,2025-06-02 00:00:00,Team C,Luisa,C,0,SI
+573000000495,2025-06-02 00:00:00,ENVIADO,ABIERTA,ACTIVA,2025-06-02 00:00:00,Team A,Juan,C,1,NO
+573000000398,2025-06-02 00:00:00,FALLIDO,SIN RESPUESTA,ACTIVA,2025-06-02 00:00:00,Team B,Juan,B,2,NO
+573000000495,2025-06-02 00:00:00,ENVIADO,ABIERTA,ACTIVA,2025-06-02 00:00:00,Team A,María,C,0,NO
+573000000449,2025-06-03 00:00:00,ENVIADO,ABIERTA,ACTIVA,2025-06-03 00:00:00,Team B,Juan,C,0,NO
+573000000121,2025-06-03 00:00:00,ENVIADO,SIN RESPUESTA,ACTIVA,2025-06-03 00:00:00,Team C,Luisa,A,0,NO
+573000000487,2025-06-03 00:00:00,ENVIADO,CERRADA,N/A,2025-06-03 00:00:00,Team B,María,C,0,SI
+573000000455,2025-06-03 00:00:00,ENVIADO,SIN RESPUESTA,N/A,2025-06-03 00:00:00,Team C,Juan,C,1,NO
+573000000287,2025-06-03 00:00:00,ENVIADO,SIN RESPUESTA,ACTIVA,2025-06-03 00:00:00,Team C,Juan,A,0,NO
+573000000258,2025-06-03 00:00:00,ENVIADO,ABIERTA,ACTIVA,2025-06-03 00:00:00,Team C,María,A,1,NO
+573000000148,2025-06-03 00:00:00,ENVIADO,CERRADA,EXPIRADA,2025-06-03 00:00:00,Team C,Juan,B,1,NO
+573000000035,2025-06-03 00:00:00,ENVIADO,ABIERTA,EXPIRADA,2025-06-03 00:00:00,Team B,Juan,A,1,SI
+573000000143,2025-06-04 00:00:00,PENDIENTE,CERRADA,ACTIVA,2025-06-04 00:00:00,Team B,Luisa,A,0,NO
+573000000011,2025-06-04 00:00:00,ENVIADO,SIN RESPUESTA,ACTIVA,2025-06-04 00:00:00,Team B,Luisa,D,2,NO
+573000000177,2025-06-04 00:00:00,ENVIADO,SIN RESPUESTA,ACTIVA,2025-06-04 00:00:00,Team C,Luisa,B,0,NO
+573000000376,2025-06-05 00:00:00,FALLIDO,ABIERTA,ACTIVA,2025-06-05 00:00:00,Team B,Carlos,D,2,NO
+573000000127,2025-06-05 00:00:00,FALLIDO,SIN RESPUESTA,ACTIVA,2025-06-05 00:00:00,Team A,Carlos,A,1,NO
+573000000255,2025-06-05 00:00:00,ENVIADO,ABIERTA,N/A,2025-06-05 00:00:00,Team C,María,A,0,NO
+573000000497,2025-06-06 00:00:00,ENVIADO,ABIERTA,ACTIVA,2025-06-06 00:00:00,Team A,Luisa,B,1,NO
+573000000085,2025-06-06 00:00:00,FALLIDO,SIN RESPUESTA,ACTIVA,2025-06-06 00:00:00,Team B,Ana,B,1,NO
+573000000196,2025-06-06 00:00:00,ENVIADO,ABIERTA,ACTIVA,2025-06-06 00:00:00,Team C,María,D,0,NO
+573000000131,2025-06-06 00:00:00,ENVIADO,ABIERTA,EXPIRADA,2025-06-06 00:00:00,Team C,Ana,A,1,NO
+573000000391,2025-06-06 00:00:00,FALLIDO,SIN RESPUESTA,EXPIRADA,2025-06-06 00:00:00,Team C,Ana,C,0,SI
+573000000094,2025-06-06 00:00:00,PENDIENTE,ABIERTA,ACTIVA,2025-06-06 00:00:00,Team A,Luisa,B,1,SI
+573000000149,2025-06-06 00:00:00,ENVIADO,ABIERTA,EXPIRADA,2025-06-06 00:00:00,Team A,Luisa,D,0,NO
+573000000166,2025-06-06 00:00:00,ENVIADO,ABIERTA,N/A,2025-06-06 00:00:00,Team A,Luisa,C,2,NO
+573000000042,2025-06-07 00:00:00,ENVIADO,ABIERTA,EXPIRADA,2025-06-07 00:00:00,Team A,Luisa,C,0,NO
+573000000130,2025-06-07 00:00:00,ENVIADO,SIN RESPUESTA,ACTIVA,2025-06-07 00:00:00,Team C,Carlos,D,0,NO
+573000000444,2025-06-07 00:00:00,FALLIDO,SIN RESPUESTA,N/A,2025-06-07 00:00:00,Team B,Luisa,C,2,NO
+573000000149,2025-06-08 00:00:00,ENVIADO,ABIERTA,EXPIRADA,2025-06-08 00:00:00,Team B,Luisa,C,1,SI
+573000000322,2025-06-08 00:00:00,ENVIADO,SIN RESPUESTA,ACTIVA,2025-06-08 00:00:00,Team C,Luisa,D,0,NO
+573000000364,2025-06-08 00:00:00,ENVIADO,CERRADA,ACTIVA,2025-06-08 00:00:00,Team B,Carlos,A,1,NO
+573000000462,2025-06-08 00:00:00,ENVIADO,ABIERTA,ACTIVA,2025-06-08 00:00:00,Team B,Juan,D,1,NO
+573000000091,2025-06-09 00:00:00,FALLIDO,SIN RESPUESTA,ACTIVA,2025-06-09 00:00:00,Team A,Carlos,D,1,NO
+573000000014,2025-06-09 00:00:00,FALLIDO,SIN RESPUESTA,ACTIVA,2025-06-09 00:00:00,Team C,María,A,0,NO
+573000000195,2025-06-09 00:00:00,FALLIDO,ABIERTA,EXPIRADA,2025-06-09 00:00:00,Team B,Juan,C,0,NO
+573000000304,2025-06-09 00:00:00,ENVIADO,SIN RESPUESTA,ACTIVA,2025-06-09 00:00:00,Team A,Carlos,B,1,NO
+573000000220,2025-06-09 00:00:00,ENVIADO,SIN RESPUESTA,N/A,2025-06-09 00:00:00,Team C,Ana,B,2,NO
+573000000379,2025-06-10 00:00:00,ENVIADO,ABIERTA,EXPIRADA,2025-06-10 00:00:00,Team A,Ana,C,1,NO
+573000000059,2025-06-10 00:00:00,ENVIADO,SIN RESPUESTA,ACTIVA,2025-06-10 00:00:00,Team A,Carlos,A,1,NO
+573000000335,2025-06-10 00:00:00,ENVIADO,CERRADA,N/A,2025-06-10 00:00:00,Team C,Ana,C,0,NO
+573000000136,2025-06-10 00:00:00,ENVIADO,SIN RESPUESTA,ACTIVA,2025-06-10 00:00:00,Team B,Ana,D,0,NO
+573000000047,2025-06-10 00:00:00,FALLIDO,CERRADA,EXPIRADA,2025-06-10 00:00:00,Team B,Juan,B,0,NO
+573000000336,2025-06-10 00:00:00,ENVIADO,ABIERTA,ACTIVA,2025-06-10 00:00:00,Team C,María,C,2,NO
+573000000052,2025-06-10 00:00:00,ENVIADO,SIN RESPUESTA,ACTIVA,2025-06-10 00:00:00,Team C,Luisa,B,1,NO
+573000000079,2025-06-10 00:00:00,ENVIADO,CERRADA,ACTIVA,2025-06-10 00:00:00,Team C,Carlos,D,2,NO
+573000000155,2025-06-11 00:00:00,ENVIADO,CERRADA,N/A,2025-06-11 00:00:00,Team B,Juan,B,0,NO
+573000000331,2025-06-11 00:00:00,ENVIADO,SIN RESPUESTA,ACTIVA,2025-06-11 00:00:00,Team C,Ana,A,2,NO
+573000000453,2025-06-11 00:00:00,ENVIADO,SIN RESPUESTA,ACTIVA,2025-06-11 00:00:00,Team C,Juan,B,2,NO
+573000000122,2025-06-11 00:00:00,ENVIADO,ABIERTA,N/A,2025-06-11 00:00:00,Team C,Ana,B,1,NO
+573000000136,2025-06-11 00:00:00,ENVIADO,SIN RESPUESTA,ACTIVA,2025-06-11 00:00:00,Team C,Ana,D,1,NO
+573000000022,2025-06-11 00:00:00,PENDIENTE,CERRADA,EXPIRADA,2025-06-11 00:00:00,Team B,María,C,0,NO
+573000000069,2025-06-12 00:00:00,PENDIENTE,ABIERTA,ACTIVA,2025-06-12 00:00:00,Team A,María,A,2,SI
+573000000061,2025-06-12 00:00:00,PENDIENTE,SIN RESPUESTA,EXPIRADA,2025-06-12 00:00:00,Team A,Juan,A,2,NO
+573000000202,2025-06-12 00:00:00,ENVIADO,CERRADA,ACTIVA,2025-06-12 00:00:00,Team C,Juan,D,1,NO
+573000000166,2025-06-12 00:00:00,ENVIADO,SIN RESPUESTA,EXPIRADA,2025-06-12 00:00:00,Team C,Juan,B,1,NO
+573000000213,2025-06-12 00:00:00,ENVIADO,CERRADA,ACTIVA,2025-06-12 00:00:00,Team C,Carlos,B,2,NO
+573000000387,2025-06-13 00:00:00,ENVIADO,SIN RESPUESTA,N/A,2025-06-13 00:00:00,Team A,María,D,2,NO
+573000000390,2025-06-13 00:00:00,ENVIADO,SIN RESPUESTA,EXPIRADA,2025-06-13 00:00:00,Team B,Luisa,B,1,NO
+573000000170,2025-06-13 00:00:00,ENVIADO,SIN RESPUESTA,ACTIVA,2025-06-13 00:00:00,Team A,Luisa,C,0,NO
+573000000464,2025-06-13 00:00:00,ENVIADO,CERRADA,EXPIRADA,2025-06-13 00:00:00,Team B,María,B,1,SI
+573000000392,2025-06-13 00:00:00,ENVIADO,SIN RESPUESTA,ACTIVA,2025-06-13 00:00:00,Team A,María,D,0,NO
+573000000356,2025-06-13 00:00:00,ENVIADO,ABIERTA,EXPIRADA,2025-06-13 00:00:00,Team B,Luisa,C,0,NO
+573000000485,2025-06-13 00:00:00,PENDIENTE,SIN RESPUESTA,ACTIVA,2025-06-13 00:00:00,Team A,Ana,B,2,NO
+573000000497,2025-06-14 00:00:00,ENVIADO,ABIERTA,EXPIRADA,2025-06-14 00:00:00,Team B,Juan,B,0,NO
+573000000354,2025-06-14 00:00:00,PENDIENTE,ABIERTA,EXPIRADA,2025-06-14 00:00:00,Team A,Carlos,A,1,NO
+573000000015,2025-06-14 00:00:00,PENDIENTE,CERRADA,ACTIVA,2025-06-14 00:00:00,Team B,Ana,A,2,NO
+573000000131,2025-06-15 00:00:00,ENVIADO,ABIERTA,ACTIVA,2025-06-15 00:00:00,Team C,Juan,C,2,NO
+573000000159,2025-06-15 00:00:00,PENDIENTE,ABIERTA,ACTIVA,2025-06-15 00:00:00,Team C,Juan,B,2,SI
+573000000026,2025-06-15 00:00:00,ENVIADO,ABIERTA,EXPIRADA,2025-06-15 00:00:00,Team B,Carlos,C,2,SI
+573000000120,2025-06-15 00:00:00,ENVIADO,SIN RESPUESTA,ACTIVA,2025-06-15 00:00:00,Team B,María,D,2,NO
+573000000274,2025-06-15 00:00:00,ENVIADO,SIN RESPUESTA,ACTIVA,2025-06-15 00:00:00,Team C,Ana,A,1,SI
+573000000373,2025-06-15 00:00:00,ENVIADO,SIN RESPUESTA,N/A,2025-06-15 00:00:00,Team C,Carlos,C,1,NO
+573000000472,2025-06-16 00:00:00,PENDIENTE,ABIERTA,EXPIRADA,2025-06-16 00:00:00,Team C,Ana,A,1,NO
+573000000432,2025-06-16 00:00:00,PENDIENTE,SIN RESPUESTA,ACTIVA,2025-06-16 00:00:00,Team B,Ana,C,2,NO
+573000000373,2025-06-16 00:00:00,ENVIADO,SIN RESPUESTA,ACTIVA,2025-06-16 00:00:00,Team B,Juan,B,2,NO
+573000000074,2025-06-16 00:00:00,ENVIADO,CERRADA,EXPIRADA,2025-06-16 00:00:00,Team C,Luisa,A,1,NO
+573000000102,2025-06-16 00:00:00,ENVIADO,SIN RESPUESTA,EXPIRADA,2025-06-16 00:00:00,Team B,Luisa,A,2,NO
+573000000482,2025-06-17 00:00:00,ENVIADO,ABIERTA,ACTIVA,2025-06-17 00:00:00,Team B,Carlos,D,1,SI
+573000000439,2025-06-17 00:00:00,ENVIADO,SIN RESPUESTA,ACTIVA,2025-06-17 00:00:00,Team C,Carlos,C,1,NO
+573000000188,2025-06-17 00:00:00,ENVIADO,ABIERTA,EXPIRADA,2025-06-17 00:00:00,Team A,Juan,C,2,SI
+573000000274,2025-06-17 00:00:00,ENVIADO,ABIERTA,ACTIVA,2025-06-17 00:00:00,Team B,Luisa,B,0,NO
+573000000177,2025-06-17 00:00:00,ENVIADO,SIN RESPUESTA,EXPIRADA,2025-06-17 00:00:00,Team A,Luisa,D,2,NO
+573000000493,2025-06-17 00:00:00,ENVIADO,ABIERTA,N/A,2025-06-17 00:00:00,Team B,Juan,B,0,NO
+573000000209,2025-06-17 00:00:00,PENDIENTE,SIN RESPUESTA,ACTIVA,2025-06-17 00:00:00,Team C,Luisa,D,0,NO
+573000000306,2025-06-17 00:00:00,FALLIDO,ABIERTA,N/A,2025-06-17 00:00:00,Team A,Juan,C,0,NO
+573000000048,2025-06-18 00:00:00,PENDIENTE,SIN RESPUESTA,ACTIVA,2025-06-18 00:00:00,Team C,María,A,2,NO
+573000000022,2025-06-18 00:00:00,ENVIADO,ABIERTA,EXPIRADA,2025-06-18 00:00:00,Team C,María,A,0,NO
+573000000112,2025-06-18 00:00:00,ENVIADO,CERRADA,ACTIVA,2025-06-18 00:00:00,Team B,María,B,1,NO
+573000000370,2025-06-18 00:00:00,ENVIADO,SIN RESPUESTA,N/A,2025-06-18 00:00:00,Team B,Carlos,B,1,NO
+573000000277,2025-06-19 00:00:00,ENVIADO,SIN RESPUESTA,ACTIVA,2025-06-19 00:00:00,Team C,Luisa,B,2,NO
+573000000466,2025-06-19 00:00:00,ENVIADO,ABIERTA,ACTIVA,2025-06-19 00:00:00,Team A,Luisa,B,0,NO
+573000000285,2025-06-19 00:00:00,PENDIENTE,CERRADA,ACTIVA,2025-06-19 00:00:00,Team C,Carlos,B,1,NO
+573000000113,2025-06-19 00:00:00,FALLIDO,ABIERTA,ACTIVA,2025-06-19 00:00:00,Team B,Juan,C,2,NO
+573000000081,2025-06-19 00:00:00,ENVIADO,ABIERTA,EXPIRADA,2025-06-19 00:00:00,Team A,María,D,0,NO
+573000000235,2025-06-20 00:00:00,ENVIADO,SIN RESPUESTA,EXPIRADA,2025-06-20 00:00:00,Team B,Luisa,A,0,NO
+573000000018,2025-06-20 00:00:00,FALLIDO,SIN RESPUESTA,EXPIRADA,2025-06-20 00:00:00,Team B,Luisa,C,2,NO
+573000000324,2025-06-20 00:00:00,ENVIADO,ABIERTA,N/A,2025-06-20 00:00:00,Team C,Carlos,D,2,NO
+573000000348,2025-06-20 00:00:00,PENDIENTE,ABIERTA,ACTIVA,2025-06-20 00:00:00,Team C,Carlos,B,1,NO
+573000000235,2025-06-21 00:00:00,ENVIADO,CERRADA,N/A,2025-06-21 00:00:00,Team C,María,D,1,NO
+573000000141,2025-06-21 00:00:00,ENVIADO,CERRADA,ACTIVA,2025-06-21 00:00:00,Team B,Juan,B,0,NO
+573000000264,2025-06-21 00:00:00,ENVIADO,ABIERTA,N/A,2025-06-21 00:00:00,Team A,Luisa,A,1,NO
+573000000153,2025-06-21 00:00:00,ENVIADO,SIN RESPUESTA,ACTIVA,2025-06-21 00:00:00,Team A,María,D,2,NO
+573000000322,2025-06-21 00:00:00,PENDIENTE,CERRADA,ACTIVA,2025-06-21 00:00:00,Team B,María,C,0,NO
+573000000312,2025-06-21 00:00:00,ENVIADO,ABIERTA,N/A,2025-06-21 00:00:00,Team B,Luisa,C,1,SI
+573000000310,2025-06-21 00:00:00,ENVIADO,ABIERTA,EXPIRADA,2025-06-21 00:00:00,Team C,Carlos,B,1,NO
+573000000342,2025-06-21 00:00:00,ENVIADO,ABIERTA,ACTIVA,2025-06-21 00:00:00,Team B,Carlos,D,1,NO
+573000000144,2025-06-22 00:00:00,ENVIADO,SIN RESPUESTA,EXPIRADA,2025-06-22 00:00:00,Team A,Juan,D,1,NO
+573000000185,2025-06-22 00:00:00,ENVIADO,SIN RESPUESTA,ACTIVA,2025-06-22 00:00:00,Team B,Ana,C,1,NO
+573000000332,2025-06-22 00:00:00,FALLIDO,SIN RESPUESTA,ACTIVA,2025-06-22 00:00:00,Team C,Carlos,C,2,NO
+573000000205,2025-06-22 00:00:00,ENVIADO,ABIERTA,ACTIVA,2025-06-22 00:00:00,Team A,Carlos,B,2,NO
+573000000280,2025-06-22 00:00:00,PENDIENTE,CERRADA,ACTIVA,2025-06-22 00:00:00,Team A,María,B,1,NO
+573000000257,2025-06-23 00:00:00,ENVIADO,ABIERTA,EXPIRADA,2025-06-23 00:00:00,Team A,Ana,A,2,NO
+573000000177,2025-06-23 00:00:00,ENVIADO,SIN RESPUESTA,EXPIRADA,2025-06-23 00:00:00,Team B,Carlos,D,1,NO
+573000000280,2025-06-23 00:00:00,ENVIADO,SIN RESPUESTA,ACTIVA,2025-06-23 00:00:00,Team C,Juan,D,0,NO
+573000000176,2025-06-24 00:00:00,ENVIADO,SIN RESPUESTA,EXPIRADA,2025-06-24 00:00:00,Team B,Carlos,D,1,NO
+573000000443,2025-06-24 00:00:00,ENVIADO,SIN RESPUESTA,ACTIVA,2025-06-24 00:00:00,Team C,Luisa,B,0,NO
+573000000449,2025-06-24 00:00:00,PENDIENTE,SIN RESPUESTA,EXPIRADA,2025-06-24 00:00:00,Team B,Ana,B,2,NO
+573000000454,2025-06-25 00:00:00,ENVIADO,ABIERTA,ACTIVA,2025-06-25 00:00:00,Team B,Ana,D,1,NO
+573000000290,2025-06-25 00:00:00,ENVIADO,ABIERTA,ACTIVA,2025-06-25 00:00:00,Team A,Ana,B,1,NO
+573000000394,2025-06-25 00:00:00,ENVIADO,CERRADA,ACTIVA,2025-06-25 00:00:00,Team B,Ana,A,2,NO
+573000000224,2025-06-25 00:00:00,PENDIENTE,ABIERTA,N/A,2025-06-25 00:00:00,Team C,María,B,1,NO
+573000000049,2025-06-26 00:00:00,ENVIADO,SIN RESPUESTA,EXPIRADA,2025-06-26 00:00:00,Team C,Juan,A,2,NO
+573000000149,2025-06-26 00:00:00,ENVIADO,CERRADA,EXPIRADA,2025-06-26 00:00:00,Team A,María,B,1,NO
+573000000044,2025-06-26 00:00:00,ENVIADO,ABIERTA,EXPIRADA,2025-06-26 00:00:00,Team B,María,C,1,SI
+573000000079,2025-06-26 00:00:00,PENDIENTE,ABIERTA,N/A,2025-06-26 00:00:00,Team C,Luisa,B,1,SI
+573000000438,2025-06-26 00:00:00,ENVIADO,CERRADA,ACTIVA,2025-06-26 00:00:00,Team C,Luisa,C,0,NO
+573000000497,2025-06-26 00:00:00,ENVIADO,SIN RESPUESTA,ACTIVA,2025-06-26 00:00:00,Team B,Carlos,A,2,SI
+573000000031,2025-06-26 00:00:00,FALLIDO,SIN RESPUESTA,ACTIVA,2025-06-26 00:00:00,Team C,María,A,0,SI
+573000000434,2025-06-26 00:00:00,FALLIDO,ABIERTA,N/A,2025-06-26 00:00:00,Team C,Luisa,B,0,NO
+573000000389,2025-06-27 00:00:00,PENDIENTE,SIN RESPUESTA,ACTIVA,2025-06-27 00:00:00,Team B,Luisa,C,0,NO
+573000000102,2025-06-27 00:00:00,ENVIADO,ABIERTA,ACTIVA,2025-06-27 00:00:00,Team A,Carlos,A,1,SI
+573000000435,2025-06-27 00:00:00,ENVIADO,ABIERTA,ACTIVA,2025-06-27 00:00:00,Team A,Luisa,D,2,NO
+573000000477,2025-06-27 00:00:00,ENVIADO,SIN RESPUESTA,ACTIVA,2025-06-27 00:00:00,Team C,Juan,D,1,NO
+573000000361,2025-06-28 00:00:00,ENVIADO,CERRADA,EXPIRADA,2025-06-28 00:00:00,Team A,María,A,0,NO
+573000000113,2025-06-28 00:00:00,ENVIADO,ABIERTA,EXPIRADA,2025-06-28 00:00:00,Team B,María,B,0,NO
+573000000061,2025-06-28 00:00:00,ENVIADO,ABIERTA,ACTIVA,2025-06-28 00:00:00,Team A,María,B,2,NO
+573000000287,2025-06-28 00:00:00,ENVIADO,ABIERTA,N/A,2025-06-28 00:00:00,Team B,Luisa,D,2,NO
+573000000157,2025-06-28 00:00:00,ENVIADO,CERRADA,ACTIVA,2025-06-28 00:00:00,Team A,Carlos,C,2,NO
+573000000075,2025-06-28 00:00:00,FALLIDO,SIN RESPUESTA,ACTIVA,2025-06-28 00:00:00,Team A,María,B,0,NO
+573000000134,2025-06-28 00:00:00,ENVIADO,SIN RESPUESTA,ACTIVA,2025-06-28 00:00:00,Team A,Carlos,B,2,SI
+573000000272,2025-06-29 00:00:00,ENVIADO,ABIERTA,ACTIVA,2025-06-29 00:00:00,Team A,Luisa,A,1,NO
+573000000281,2025-06-29 00:00:00,FALLIDO,ABIERTA,N/A,2025-06-29 00:00:00,Team C,Ana,B,0,SI
+573000000464,2025-06-29 00:00:00,ENVIADO,SIN RESPUESTA,ACTIVA,2025-06-29 00:00:00,Team C,Juan,B,1,NO
+573000000032,2025-06-29 00:00:00,ENVIADO,ABIERTA,ACTIVA,2025-06-29 00:00:00,Team C,Luisa,D,0,NO
+573000000099,2025-06-29 00:00:00,ENVIADO,ABIERTA,ACTIVA,2025-06-29 00:00:00,Team A,Carlos,C,1,NO
+573000000052,2025-06-30 00:00:00,ENVIADO,SIN RESPUESTA,ACTIVA,2025-06-30 00:00:00,Team C,Juan,D,2,NO
+573000000385,2025-06-30 00:00:00,PENDIENTE,SIN RESPUESTA,EXPIRADA,2025-06-30 00:00:00,Team C,Juan,D,1,NO
+573000000237,2025-06-30 00:00:00,ENVIADO,SIN RESPUESTA,N/A,2025-06-30 00:00:00,Team A,Juan,C,2,SI
+573000000012,2025-06-30 00:00:00,ENVIADO,SIN RESPUESTA,N/A,2025-06-30 00:00:00,Team C,María,A,0,NO
+573000000109,2025-07-01 00:00:00,ENVIADO,SIN RESPUESTA,EXPIRADA,2025-07-01 00:00:00,Team C,Juan,B,2,NO
+573000000351,2025-07-01 00:00:00,ENVIADO,SIN RESPUESTA,N/A,2025-07-01 00:00:00,Team B,Ana,A,1,NO
+573000000165,2025-07-01 00:00:00,ENVIADO,ABIERTA,ACTIVA,2025-07-01 00:00:00,Team C,Carlos,B,1,NO
+573000000287,2025-07-01 00:00:00,ENVIADO,ABIERTA,EXPIRADA,2025-07-01 00:00:00,Team A,Juan,C,1,NO
+573000000332,2025-07-01 00:00:00,ENVIADO,ABIERTA,N/A,2025-07-01 00:00:00,Team B,Ana,A,1,NO
+573000000379,2025-07-01 00:00:00,ENVIADO,ABIERTA,EXPIRADA,2025-07-01 00:00:00,Team A,Luisa,D,1,SI
+573000000128,2025-07-01 00:00:00,ENVIADO,SIN RESPUESTA,ACTIVA,2025-07-01 00:00:00,Team C,Juan,D,0,NO
+573000000366,2025-07-01 00:00:00,ENVIADO,ABIERTA,EXPIRADA,2025-07-01 00:00:00,Team A,María,D,1,SI
+573000000114,2025-07-02 00:00:00,PENDIENTE,ABIERTA,ACTIVA,2025-07-02 00:00:00,Team C,María,C,0,NO
+573000000489,2025-07-02 00:00:00,ENVIADO,SIN RESPUESTA,EXPIRADA,2025-07-02 00:00:00,Team A,Carlos,A,2,NO
+573000000370,2025-07-02 00:00:00,FALLIDO,SIN RESPUESTA,ACTIVA,2025-07-02 00:00:00,Team C,Carlos,A,1,SI
+573000000294,2025-07-02 00:00:00,ENVIADO,ABIERTA,EXPIRADA,2025-07-02 00:00:00,Team A,María,B,1,NO
+573000000292,2025-07-02 00:00:00,ENVIADO,SIN RESPUESTA,EXPIRADA,2025-07-02 00:00:00,Team B,María,A,1,NO
+573000000094,2025-07-02 00:00:00,ENVIADO,ABIERTA,N/A,2025-07-02 00:00:00,Team C,Luisa,D,2,NO
+573000000037,2025-07-03 00:00:00,PENDIENTE,CERRADA,EXPIRADA,2025-07-03 00:00:00,Team C,María,A,0,SI
+573000000352,2025-07-03 00:00:00,PENDIENTE,SIN RESPUESTA,ACTIVA,2025-07-03 00:00:00,Team A,Carlos,C,0,NO
+573000000333,2025-07-03 00:00:00,ENVIADO,ABIERTA,ACTIVA,2025-07-03 00:00:00,Team C,Luisa,C,1,SI
+573000000342,2025-07-03 00:00:00,ENVIADO,CERRADA,ACTIVA,2025-07-03 00:00:00,Team B,Juan,A,2,SI
+573000000380,2025-07-03 00:00:00,ENVIADO,ABIERTA,N/A,2025-07-03 00:00:00,Team A,Ana,D,2,NO
+573000000484,2025-07-03 00:00:00,ENVIADO,SIN RESPUESTA,ACTIVA,2025-07-03 00:00:00,Team C,Luisa,C,2,NO
+573000000006,2025-07-03 00:00:00,PENDIENTE,SIN RESPUESTA,ACTIVA,2025-07-03 00:00:00,Team A,Luisa,D,1,NO
+573000000193,2025-07-03 00:00:00,ENVIADO,SIN RESPUESTA,N/A,2025-07-03 00:00:00,Team C,Juan,A,1,NO
+573000000402,2025-07-04 00:00:00,ENVIADO,SIN RESPUESTA,ACTIVA,2025-07-04 00:00:00,Team C,Juan,D,2,NO
+573000000292,2025-07-04 00:00:00,FALLIDO,ABIERTA,ACTIVA,2025-07-04 00:00:00,Team A,María,D,1,NO
+573000000489,2025-07-04 00:00:00,ENVIADO,SIN RESPUESTA,ACTIVA,2025-07-04 00:00:00,Team B,Juan,C,2,NO
+573000000246,2025-07-04 00:00:00,ENVIADO,CERRADA,ACTIVA,2025-07-04 00:00:00,Team A,Juan,B,1,NO
+573000000322,2025-07-04 00:00:00,ENVIADO,ABIERTA,ACTIVA,2025-07-04 00:00:00,Team C,Ana,D,1,NO
+573000000293,2025-07-04 00:00:00,ENVIADO,SIN RESPUESTA,ACTIVA,2025-07-04 00:00:00,Team B,Ana,D,0,NO
+573000000308,2025-07-05 00:00:00,ENVIADO,CERRADA,ACTIVA,2025-07-05 00:00:00,Team A,María,A,0,SI
+573000000017,2025-07-05 00:00:00,ENVIADO,CERRADA,N/A,2025-07-05 00:00:00,Team B,Luisa,B,2,NO
+573000000406,2025-07-05 00:00:00,ENVIADO,ABIERTA,ACTIVA,2025-07-05 00:00:00,Team B,Luisa,C,0,NO
+573000000210,2025-07-05 00:00:00,ENVIADO,ABIERTA,N/A,2025-07-05 00:00:00,Team A,Juan,C,1,NO
+573000000179,2025-07-05 00:00:00,ENVIADO,ABIERTA,ACTIVA,2025-07-05 00:00:00,Team C,Luisa,C,0,NO
+573000000407,2025-07-05 00:00:00,ENVIADO,SIN RESPUESTA,ACTIVA,2025-07-05 00:00:00,Team C,Juan,A,0,NO
+573000000441,2025-07-05 00:00:00,PENDIENTE,SIN RESPUESTA,ACTIVA,2025-07-05 00:00:00,Team B,Ana,C,2,NO
+573000000235,2025-07-05 00:00:00,ENVIADO,ABIERTA,ACTIVA,2025-07-05 00:00:00,Team B,Juan,D,0,NO
+573000000476,2025-07-06 00:00:00,ENVIADO,ABIERTA,N/A,2025-07-06 00:00:00,Team B,Ana,C,1,NO
+573000000025,2025-07-06 00:00:00,PENDIENTE,SIN RESPUESTA,ACTIVA,2025-07-06 00:00:00,Team C,Carlos,D,0,NO
+573000000166,2025-07-06 00:00:00,ENVIADO,ABIERTA,ACTIVA,2025-07-06 00:00:00,Team B,Juan,B,2,NO
+573000000294,2025-07-07 00:00:00,ENVIADO,ABIERTA,ACTIVA,2025-07-07 00:00:00,Team A,Ana,A,1,NO
+573000000422,2025-07-07 00:00:00,FALLIDO,SIN RESPUESTA,N/A,2025-07-07 00:00:00,Team C,Luisa,A,0,NO
+573000000060,2025-07-07 00:00:00,ENVIADO,ABIERTA,ACTIVA,2025-07-07 00:00:00,Team B,Juan,C,0,NO
+573000000247,2025-07-08 00:00:00,ENVIADO,SIN RESPUESTA,EXPIRADA,2025-07-08 00:00:00,Team B,Carlos,B,0,NO
+573000000204,2025-07-08 00:00:00,ENVIADO,ABIERTA,EXPIRADA,2025-07-08 00:00:00,Team A,Ana,C,2,NO
+573000000390,2025-07-08 00:00:00,PENDIENTE,ABIERTA,ACTIVA,2025-07-08 00:00:00,Team A,Ana,B,0,NO
+573000000025,2025-07-08 00:00:00,ENVIADO,SIN RESPUESTA,N/A,2025-07-08 00:00:00,Team B,Carlos,B,0,NO
+573000000086,2025-07-08 00:00:00,FALLIDO,ABIERTA,ACTIVA,2025-07-08 00:00:00,Team C,Carlos,A,1,SI
+573000000001,2025-07-08 00:00:00,FALLIDO,SIN RESPUESTA,N/A,2025-07-08 00:00:00,Team B,Juan,C,1,SI
+573000000368,2025-07-09 00:00:00,ENVIADO,ABIERTA,ACTIVA,2025-07-09 00:00:00,Team A,Luisa,B,1,NO
+573000000344,2025-07-09 00:00:00,ENVIADO,ABIERTA,ACTIVA,2025-07-09 00:00:00,Team A,Carlos,C,0,NO
+573000000046,2025-07-09 00:00:00,ENVIADO,CERRADA,ACTIVA,2025-07-09 00:00:00,Team B,Carlos,D,1,NO
+573000000460,2025-07-09 00:00:00,FALLIDO,SIN RESPUESTA,EXPIRADA,2025-07-09 00:00:00,Team C,Carlos,D,0,NO
+573000000266,2025-07-10 00:00:00,ENVIADO,SIN RESPUESTA,N/A,2025-07-10 00:00:00,Team A,Ana,B,2,NO
+573000000417,2025-07-10 00:00:00,ENVIADO,SIN RESPUESTA,ACTIVA,2025-07-10 00:00:00,Team B,María,B,1,SI
+573000000325,2025-07-10 00:00:00,ENVIADO,ABIERTA,ACTIVA,2025-07-10 00:00:00,Team B,Ana,D,2,NO
+573000000309,2025-07-10 00:00:00,PENDIENTE,SIN RESPUESTA,ACTIVA,2025-07-10 00:00:00,Team B,Carlos,C,0,NO
+573000000484,2025-07-10 00:00:00,ENVIADO,ABIERTA,EXPIRADA,2025-07-10 00:00:00,Team C,María,B,2,NO
+573000000021,2025-07-10 00:00:00,ENVIADO,ABIERTA,ACTIVA,2025-07-10 00:00:00,Team B,Luisa,D,0,NO
+573000000405,2025-07-10 00:00:00,ENVIADO,ABIERTA,EXPIRADA,2025-07-10 00:00:00,Team A,Luisa,B,0,NO
+573000000175,2025-07-11 00:00:00,ENVIADO,ABIERTA,ACTIVA,2025-07-11 00:00:00,Team A,Ana,C,0,NO
+573000000300,2025-07-11 00:00:00,FALLIDO,ABIERTA,EXPIRADA,2025-07-11 00:00:00,Team B,Juan,A,2,NO
+573000000016,2025-07-11 00:00:00,ENVIADO,ABIERTA,ACTIVA,2025-07-11 00:00:00,Team A,María,D,2,NO
+573000000083,2025-07-12 00:00:00,PENDIENTE,ABIERTA,ACTIVA,2025-07-12 00:00:00,Team B,Juan,D,2,NO
+573000000485,2025-07-12 00:00:00,FALLIDO,SIN RESPUESTA,EXPIRADA,2025-07-12 00:00:00,Team A,Juan,D,2,NO
+573000000264,2025-07-12 00:00:00,ENVIADO,ABIERTA,EXPIRADA,2025-07-12 00:00:00,Team A,Juan,B,2,NO
+573000000274,2025-07-12 00:00:00,ENVIADO,CERRADA,EXPIRADA,2025-07-12 00:00:00,Team C,Luisa,D,1,NO
+573000000490,2025-07-12 00:00:00,ENVIADO,ABIERTA,ACTIVA,2025-07-12 00:00:00,Team C,María,A,2,NO
+573000000466,2025-07-13 00:00:00,FALLIDO,ABIERTA,ACTIVA,2025-07-13 00:00:00,Team C,Carlos,D,2,NO
+573000000207,2025-07-13 00:00:00,ENVIADO,SIN RESPUESTA,ACTIVA,2025-07-13 00:00:00,Team B,Juan,B,2,NO
+573000000372,2025-07-13 00:00:00,ENVIADO,ABIERTA,EXPIRADA,2025-07-13 00:00:00,Team B,María,B,2,SI
+573000000203,2025-07-14 00:00:00,ENVIADO,CERRADA,ACTIVA,2025-07-14 00:00:00,Team C,Ana,A,0,NO
+573000000476,2025-07-14 00:00:00,ENVIADO,ABIERTA,ACTIVA,2025-07-14 00:00:00,Team A,Juan,B,0,NO
+573000000248,2025-07-14 00:00:00,PENDIENTE,ABIERTA,N/A,2025-07-14 00:00:00,Team C,Luisa,D,0,SI
+573000000319,2025-07-14 00:00:00,PENDIENTE,CERRADA,N/A,2025-07-14 00:00:00,Team A,Carlos,D,1,NO
+573000000247,2025-07-14 00:00:00,ENVIADO,CERRADA,EXPIRADA,2025-07-14 00:00:00,Team B,Carlos,C,0,NO
+573000000397,2025-07-14 00:00:00,ENVIADO,CERRADA,ACTIVA,2025-07-14 00:00:00,Team B,Luisa,A,1,NO
+573000000279,2025-07-14 00:00:00,ENVIADO,SIN RESPUESTA,ACTIVA,2025-07-14 00:00:00,Team B,María,D,2,NO
+573000000012,2025-07-14 00:00:00,ENVIADO,SIN RESPUESTA,N/A,2025-07-14 00:00:00,Team B,Luisa,D,0,NO
+573000000056,2025-07-15 00:00:00,PENDIENTE,CERRADA,ACTIVA,2025-07-15 00:00:00,Team B,Juan,D,2,NO
+573000000235,2025-07-15 00:00:00,ENVIADO,ABIERTA,N/A,2025-07-15 00:00:00,Team B,Juan,B,0,NO
+573000000406,2025-07-15 00:00:00,ENVIADO,ABIERTA,EXPIRADA,2025-07-15 00:00:00,Team B,Carlos,C,1,NO
+573000000199,2025-07-15 00:00:00,ENVIADO,ABIERTA,ACTIVA,2025-07-15 00:00:00,Team C,Juan,D,2,NO
+573000000157,2025-07-15 00:00:00,ENVIADO,ABIERTA,N/A,2025-07-15 00:00:00,Team C,Ana,C,2,SI
+573000000078,2025-07-15 00:00:00,ENVIADO,ABIERTA,EXPIRADA,2025-07-15 00:00:00,Team B,María,D,1,SI
+573000000490,2025-07-16 00:00:00,FALLIDO,SIN RESPUESTA,ACTIVA,2025-07-16 00:00:00,Team C,Ana,A,0,NO
+573000000338,2025-07-16 00:00:00,PENDIENTE,ABIERTA,EXPIRADA,2025-07-16 00:00:00,Team A,Luisa,D,2,NO
+573000000304,2025-07-16 00:00:00,ENVIADO,ABIERTA,ACTIVA,2025-07-16 00:00:00,Team A,Luisa,B,2,SI
+573000000159,2025-07-17 00:00:00,ENVIADO,SIN RESPUESTA,ACTIVA,2025-07-17 00:00:00,Team B,Carlos,C,1,NO
+573000000439,2025-07-17 00:00:00,PENDIENTE,SIN RESPUESTA,ACTIVA,2025-07-17 00:00:00,Team C,Luisa,B,1,NO
+573000000233,2025-07-17 00:00:00,ENVIADO,ABIERTA,ACTIVA,2025-07-17 00:00:00,Team C,Ana,A,0,NO
+573000000074,2025-07-17 00:00:00,PENDIENTE,SIN RESPUESTA,N/A,2025-07-17 00:00:00,Team C,Luisa,B,1,NO
+573000000069,2025-07-17 00:00:00,PENDIENTE,ABIERTA,ACTIVA,2025-07-17 00:00:00,Team C,Carlos,B,1,SI
+573000000020,2025-07-17 00:00:00,FALLIDO,CERRADA,ACTIVA,2025-07-17 00:00:00,Team B,María,A,1,SI
+573000000084,2025-07-18 00:00:00,ENVIADO,ABIERTA,ACTIVA,2025-07-18 00:00:00,Team B,Juan,B,0,NO
+573000000227,2025-07-18 00:00:00,ENVIADO,ABIERTA,ACTIVA,2025-07-18 00:00:00,Team C,Carlos,A,0,NO
+573000000443,2025-07-18 00:00:00,ENVIADO,ABIERTA,EXPIRADA,2025-07-18 00:00:00,Team B,Ana,B,1,NO
+573000000023,2025-07-18 00:00:00,ENVIADO,ABIERTA,ACTIVA,2025-07-18 00:00:00,Team C,Carlos,A,2,NO
+573000000276,2025-07-19 00:00:00,ENVIADO,ABIERTA,EXPIRADA,2025-07-19 00:00:00,Team C,Juan,C,0,NO
+573000000263,2025-07-19 00:00:00,ENVIADO,ABIERTA,ACTIVA,2025-07-19 00:00:00,Team A,Luisa,B,2,NO
+573000000296,2025-07-19 00:00:00,PENDIENTE,SIN RESPUESTA,ACTIVA,2025-07-19 00:00:00,Team A,Juan,A,2,NO
+573000000296,2025-07-19 00:00:00,ENVIADO,ABIERTA,ACTIVA,2025-07-19 00:00:00,Team C,Luisa,D,1,NO
+573000000059,2025-07-19 00:00:00,ENVIADO,SIN RESPUESTA,ACTIVA,2025-07-19 00:00:00,Team C,Ana,B,2,NO
+573000000027,2025-07-19 00:00:00,FALLIDO,ABIERTA,EXPIRADA,2025-07-19 00:00:00,Team C,María,B,2,NO
+573000000385,2025-07-20 00:00:00,ENVIADO,CERRADA,N/A,2025-07-20 00:00:00,Team B,Ana,C,1,NO
+573000000009,2025-07-20 00:00:00,ENVIADO,SIN RESPUESTA,EXPIRADA,2025-07-20 00:00:00,Team B,Ana,B,1,NO
+573000000310,2025-07-20 00:00:00,ENVIADO,SIN RESPUESTA,EXPIRADA,2025-07-20 00:00:00,Team C,María,D,0,NO
+573000000293,2025-07-20 00:00:00,ENVIADO,CERRADA,ACTIVA,2025-07-20 00:00:00,Team B,Carlos,D,0,NO
+573000000285,2025-07-20 00:00:00,ENVIADO,SIN RESPUESTA,ACTIVA,2025-07-20 00:00:00,Team A,Carlos,B,0,NO
+573000000032,2025-07-20 00:00:00,ENVIADO,SIN RESPUESTA,EXPIRADA,2025-07-20 00:00:00,Team B,Luisa,D,2,NO
+573000000245,2025-07-20 00:00:00,ENVIADO,SIN RESPUESTA,ACTIVA,2025-07-20 00:00:00,Team C,Luisa,A,2,SI
+573000000118,2025-07-20 00:00:00,ENVIADO,CERRADA,ACTIVA,2025-07-20 00:00:00,Team C,Luisa,C,0,NO
+573000000064,2025-07-21 00:00:00,ENVIADO,ABIERTA,ACTIVA,2025-07-21 00:00:00,Team A,Luisa,C,1,NO
+573000000125,2025-07-21 00:00:00,ENVIADO,SIN RESPUESTA,EXPIRADA,2025-07-21 00:00:00,Team C,María,A,1,NO
+573000000255,2025-07-21 00:00:00,FALLIDO,SIN RESPUESTA,ACTIVA,2025-07-21 00:00:00,Team B,Luisa,C,2,NO
+573000000456,2025-07-21 00:00:00,FALLIDO,SIN RESPUESTA,ACTIVA,2025-07-21 00:00:00,Team C,María,D,0,NO
+573000000385,2025-07-21 00:00:00,FALLIDO,SIN RESPUESTA,ACTIVA,2025-07-21 00:00:00,Team C,Juan,A,1,NO
+573000000458,2025-07-21 00:00:00,ENVIADO,SIN RESPUESTA,ACTIVA,2025-07-21 00:00:00,Team A,Juan,D,0,SI
+573000000291,2025-07-22 00:00:00,ENVIADO,ABIERTA,N/A,2025-07-22 00:00:00,Team A,Luisa,D,0,NO
+573000000163,2025-07-22 00:00:00,ENVIADO,SIN RESPUESTA,EXPIRADA,2025-07-22 00:00:00,Team B,María,D,1,SI
+573000000298,2025-07-22 00:00:00,ENVIADO,SIN RESPUESTA,ACTIVA,2025-07-22 00:00:00,Team C,Luisa,B,0,NO
+573000000127,2025-07-22 00:00:00,ENVIADO,ABIERTA,ACTIVA,2025-07-22 00:00:00,Team B,Carlos,C,0,NO
+573000000415,2025-07-22 00:00:00,FALLIDO,SIN RESPUESTA,EXPIRADA,2025-07-22 00:00:00,Team C,Ana,B,1,NO
+573000000124,2025-07-23 00:00:00,ENVIADO,ABIERTA,ACTIVA,2025-07-23 00:00:00,Team C,Carlos,A,1,NO
+573000000190,2025-07-23 00:00:00,PENDIENTE,SIN RESPUESTA,N/A,2025-07-23 00:00:00,Team B,Ana,D,0,NO
+573000000131,2025-07-23 00:00:00,PENDIENTE,CERRADA,ACTIVA,2025-07-23 00:00:00,Team B,María,D,0,NO
+573000000476,2025-07-23 00:00:00,ENVIADO,SIN RESPUESTA,ACTIVA,2025-07-23 00:00:00,Team A,Carlos,A,2,NO
+573000000310,2025-07-23 00:00:00,ENVIADO,SIN RESPUESTA,EXPIRADA,2025-07-23 00:00:00,Team C,Luisa,D,0,NO
+573000000186,2025-07-23 00:00:00,PENDIENTE,ABIERTA,EXPIRADA,2025-07-23 00:00:00,Team C,María,C,2,NO
+573000000208,2025-07-23 00:00:00,FALLIDO,CERRADA,ACTIVA,2025-07-23 00:00:00,Team C,Juan,A,1,SI
+573000000114,2025-07-23 00:00:00,ENVIADO,CERRADA,N/A,2025-07-23 00:00:00,Team C,Carlos,B,1,SI
+573000000303,2025-07-24 00:00:00,ENVIADO,ABIERTA,ACTIVA,2025-07-24 00:00:00,Team C,Carlos,D,0,NO
+573000000290,2025-07-24 00:00:00,ENVIADO,CERRADA,ACTIVA,2025-07-24 00:00:00,Team B,Carlos,C,1,NO
+573000000240,2025-07-24 00:00:00,FALLIDO,SIN RESPUESTA,ACTIVA,2025-07-24 00:00:00,Team A,Luisa,B,2,NO
+573000000381,2025-07-24 00:00:00,ENVIADO,ABIERTA,EXPIRADA,2025-07-24 00:00:00,Team C,Juan,C,1,NO
+573000000216,2025-07-24 00:00:00,ENVIADO,CERRADA,ACTIVA,2025-07-24 00:00:00,Team B,Luisa,C,2,SI
+573000000132,2025-07-24 00:00:00,ENVIADO,ABIERTA,ACTIVA,2025-07-24 00:00:00,Team A,María,A,0,NO
+573000000313,2025-07-24 00:00:00,ENVIADO,ABIERTA,ACTIVA,2025-07-24 00:00:00,Team C,Ana,A,1,NO
+573000000126,2025-07-24 00:00:00,ENVIADO,SIN RESPUESTA,ACTIVA,2025-07-24 00:00:00,Team B,Carlos,B,0,SI
+573000000277,2025-07-25 00:00:00,ENVIADO,CERRADA,EXPIRADA,2025-07-25 00:00:00,Team B,Carlos,C,1,NO
+573000000349,2025-07-25 00:00:00,FALLIDO,ABIERTA,ACTIVA,2025-07-25 00:00:00,Team C,Luisa,D,1,NO
+573000000231,2025-07-25 00:00:00,ENVIADO,ABIERTA,N/A,2025-07-25 00:00:00,Team B,Luisa,B,0,NO
+573000000091,2025-07-26 00:00:00,ENVIADO,CERRADA,ACTIVA,2025-07-26 00:00:00,Team A,Juan,C,0,NO
+573000000437,2025-07-26 00:00:00,ENVIADO,SIN RESPUESTA,ACTIVA,2025-07-26 00:00:00,Team B,Juan,D,0,NO
+573000000109,2025-07-26 00:00:00,FALLIDO,CERRADA,EXPIRADA,2025-07-26 00:00:00,Team A,María,B,0,NO
+573000000473,2025-07-26 00:00:00,ENVIADO,SIN RESPUESTA,N/A,2025-07-26 00:00:00,Team C,Juan,B,1,NO
+573000000456,2025-07-26 00:00:00,ENVIADO,ABIERTA,ACTIVA,2025-07-26 00:00:00,Team C,Ana,D,2,NO
+573000000322,2025-07-26 00:00:00,ENVIADO,ABIERTA,ACTIVA,2025-07-26 00:00:00,Team C,Luisa,C,2,SI
+573000000313,2025-07-27 00:00:00,ENVIADO,CERRADA,N/A,2025-07-27 00:00:00,Team A,María,C,1,NO
+573000000047,2025-07-27 00:00:00,ENVIADO,CERRADA,ACTIVA,2025-07-27 00:00:00,Team A,Luisa,D,1,NO
+573000000117,2025-07-27 00:00:00,ENVIADO,ABIERTA,ACTIVA,2025-07-27 00:00:00,Team A,Ana,D,2,NO
+573000000489,2025-07-27 00:00:00,ENVIADO,SIN RESPUESTA,EXPIRADA,2025-07-27 00:00:00,Team A,Ana,A,1,NO
+573000000177,2025-07-27 00:00:00,FALLIDO,SIN RESPUESTA,ACTIVA,2025-07-27 00:00:00,Team A,María,C,1,NO
+573000000343,2025-07-28 00:00:00,ENVIADO,ABIERTA,EXPIRADA,2025-07-28 00:00:00,Team C,Luisa,D,1,NO
+573000000464,2025-07-28 00:00:00,ENVIADO,CERRADA,N/A,2025-07-28 00:00:00,Team A,Carlos,C,2,NO
+573000000136,2025-07-28 00:00:00,ENVIADO,ABIERTA,ACTIVA,2025-07-28 00:00:00,Team A,Ana,B,0,NO
+573000000157,2025-07-28 00:00:00,ENVIADO,ABIERTA,EXPIRADA,2025-07-28 00:00:00,Team B,María,D,1,NO
+573000000256,2025-07-28 00:00:00,FALLIDO,ABIERTA,EXPIRADA,2025-07-28 00:00:00,Team C,Juan,B,1,NO
+573000000105,2025-07-28 00:00:00,ENVIADO,SIN RESPUESTA,ACTIVA,2025-07-28 00:00:00,Team B,Carlos,A,0,NO
+573000000499,2025-07-28 00:00:00,ENVIADO,ABIERTA,N/A,2025-07-28 00:00:00,Team A,Carlos,A,1,NO
+573000000130,2025-07-28 00:00:00,ENVIADO,ABIERTA,ACTIVA,2025-07-28 00:00:00,Team A,Luisa,D,0,NO
+573000000097,2025-07-29 00:00:00,ENVIADO,CERRADA,ACTIVA,2025-07-29 00:00:00,Team B,Ana,D,2,NO
+573000000385,2025-07-29 00:00:00,ENVIADO,CERRADA,EXPIRADA,2025-07-29 00:00:00,Team B,Ana,A,2,SI
+573000000413,2025-07-29 00:00:00,ENVIADO,CERRADA,ACTIVA,2025-07-29 00:00:00,Team C,Carlos,D,0,NO
+573000000012,2025-07-29 00:00:00,PENDIENTE,SIN RESPUESTA,N/A,2025-07-29 00:00:00,Team C,Ana,B,0,NO
+573000000425,2025-07-29 00:00:00,ENVIADO,SIN RESPUESTA,EXPIRADA,2025-07-29 00:00:00,Team B,Juan,B,1,NO
+573000000026,2025-07-29 00:00:00,ENVIADO,CERRADA,ACTIVA,2025-07-29 00:00:00,Team C,Juan,D,0,SI
+573000000195,2025-07-30 00:00:00,FALLIDO,ABIERTA,ACTIVA,2025-07-30 00:00:00,Team A,Ana,D,1,NO
+573000000281,2025-07-30 00:00:00,FALLIDO,ABIERTA,N/A,2025-07-30 00:00:00,Team B,Carlos,A,2,NO
+573000000117,2025-07-30 00:00:00,ENVIADO,SIN RESPUESTA,EXPIRADA,2025-07-30 00:00:00,Team B,Juan,B,2,NO
+573000000240,2025-07-30 00:00:00,ENVIADO,SIN RESPUESTA,EXPIRADA,2025-07-30 00:00:00,Team B,Carlos,A,1,NO
+573000000481,2025-07-30 00:00:00,ENVIADO,SIN RESPUESTA,EXPIRADA,2025-07-30 00:00:00,Team C,Ana,A,0,NO
+573000000020,2025-07-30 00:00:00,FALLIDO,ABIERTA,ACTIVA,2025-07-30 00:00:00,Team B,Juan,D,0,NO
+573000000303,2025-07-30 00:00:00,ENVIADO,SIN RESPUESTA,ACTIVA,2025-07-30 00:00:00,Team C,Carlos,C,2,NO
+573000000293,2025-07-31 00:00:00,ENVIADO,SIN RESPUESTA,ACTIVA,2025-07-31 00:00:00,Team B,Luisa,A,2,NO
+573000000190,2025-07-31 00:00:00,FALLIDO,CERRADA,ACTIVA,2025-07-31 00:00:00,Team B,Ana,C,0,SI
+573000000237,2025-07-31 00:00:00,FALLIDO,SIN RESPUESTA,ACTIVA,2025-07-31 00:00:00,Team A,Ana,C,2,SI
+573000000374,2025-07-31 00:00:00,ENVIADO,SIN RESPUESTA,EXPIRADA,2025-07-31 00:00:00,Team B,Luisa,C,2,SI
+573000000443,2025-07-31 00:00:00,ENVIADO,ABIERTA,EXPIRADA,2025-07-31 00:00:00,Team A,Luisa,C,1,NO
+573000000343,2025-07-31 00:00:00,ENVIADO,ABIERTA,ACTIVA,2025-07-31 00:00:00,Team B,Carlos,A,2,NO
+573000000392,2025-07-31 00:00:00,ENVIADO,ABIERTA,ACTIVA,2025-07-31 00:00:00,Team A,María,B,0,NO
+573000000369,2025-08-01 00:00:00,ENVIADO,SIN RESPUESTA,EXPIRADA,2025-08-01 00:00:00,Team B,Carlos,B,0,NO
+573000000269,2025-08-01 00:00:00,ENVIADO,ABIERTA,ACTIVA,2025-08-01 00:00:00,Team C,Luisa,C,1,NO
+573000000257,2025-08-01 00:00:00,ENVIADO,SIN RESPUESTA,EXPIRADA,2025-08-01 00:00:00,Team C,María,C,1,SI
+573000000426,2025-08-01 00:00:00,FALLIDO,ABIERTA,ACTIVA,2025-08-01 00:00:00,Team C,Carlos,B,2,NO
+573000000307,2025-08-01 00:00:00,PENDIENTE,CERRADA,N/A,2025-08-01 00:00:00,Team C,María,B,2,NO
+573000000095,2025-08-01 00:00:00,FALLIDO,SIN RESPUESTA,ACTIVA,2025-08-01 00:00:00,Team C,Luisa,C,0,NO
+573000000013,2025-08-01 00:00:00,PENDIENTE,CERRADA,ACTIVA,2025-08-01 00:00:00,Team C,María,C,2,NO
+573000000076,2025-08-02 00:00:00,ENVIADO,SIN RESPUESTA,ACTIVA,2025-08-02 00:00:00,Team B,Luisa,A,2,NO
+573000000382,2025-08-02 00:00:00,PENDIENTE,ABIERTA,EXPIRADA,2025-08-02 00:00:00,Team A,Juan,D,1,NO
+573000000387,2025-08-02 00:00:00,ENVIADO,CERRADA,N/A,2025-08-02 00:00:00,Team B,María,D,1,SI
+573000000343,2025-08-03 00:00:00,ENVIADO,ABIERTA,ACTIVA,2025-08-03 00:00:00,Team A,María,B,1,NO
+573000000454,2025-08-03 00:00:00,ENVIADO,ABIERTA,EXPIRADA,2025-08-03 00:00:00,Team B,María,D,1,NO
+573000000352,2025-08-03 00:00:00,ENVIADO,ABIERTA,N/A,2025-08-03 00:00:00,Team C,Juan,A,0,SI
+573000000076,2025-08-03 00:00:00,ENVIADO,ABIERTA,EXPIRADA,2025-08-03 00:00:00,Team A,María,D,1,NO
+573000000150,2025-08-03 00:00:00,ENVIADO,ABIERTA,EXPIRADA,2025-08-03 00:00:00,Team A,María,C,2,NO
+573000000034,2025-08-03 00:00:00,FALLIDO,ABIERTA,EXPIRADA,2025-08-03 00:00:00,Team C,Juan,A,1,NO
+573000000126,2025-08-03 00:00:00,ENVIADO,CERRADA,ACTIVA,2025-08-03 00:00:00,Team C,Luisa,D,1,NO
+573000000374,2025-08-03 00:00:00,ENVIADO,ABIERTA,ACTIVA,2025-08-03 00:00:00,Team A,María,D,1,NO
+573000000376,2025-08-04 00:00:00,ENVIADO,CERRADA,ACTIVA,2025-08-04 00:00:00,Team C,Ana,B,0,SI
+573000000331,2025-08-04 00:00:00,ENVIADO,CERRADA,N/A,2025-08-04 00:00:00,Team B,María,A,1,NO
+573000000204,2025-08-04 00:00:00,ENVIADO,ABIERTA,ACTIVA,2025-08-04 00:00:00,Team A,Juan,A,0,NO
+573000000379,2025-08-04 00:00:00,ENVIADO,ABIERTA,ACTIVA,2025-08-04 00:00:00,Team A,Ana,D,0,SI
+573000000298,2025-08-04 00:00:00,ENVIADO,ABIERTA,ACTIVA,2025-08-04 00:00:00,Team B,Carlos,B,1,SI
+573000000159,2025-08-04 00:00:00,ENVIADO,CERRADA,EXPIRADA,2025-08-04 00:00:00,Team C,Juan,C,1,NO
+573000000447,2025-08-04 00:00:00,ENVIADO,ABIERTA,EXPIRADA,2025-08-04 00:00:00,Team B,Carlos,A,2,NO
+573000000219,2025-08-04 00:00:00,ENVIADO,SIN RESPUESTA,ACTIVA,2025-08-04 00:00:00,Team B,Luisa,A,0,NO
+573000000021,2025-08-05 00:00:00,FALLIDO,ABIERTA,N/A,2025-08-05 00:00:00,Team A,María,B,1,NO
+573000000157,2025-08-05 00:00:00,ENVIADO,CERRADA,N/A,2025-08-05 00:00:00,Team A,María,A,0,NO
+573000000432,2025-08-05 00:00:00,ENVIADO,SIN RESPUESTA,ACTIVA,2025-08-05 00:00:00,Team C,Juan,C,2,NO
+573000000097,2025-08-05 00:00:00,ENVIADO,SIN RESPUESTA,ACTIVA,2025-08-05 00:00:00,Team C,Juan,B,0,NO
+573000000481,2025-08-06 00:00:00,ENVIADO,SIN RESPUESTA,ACTIVA,2025-08-06 00:00:00,Team C,Carlos,A,1,NO
+573000000337,2025-08-06 00:00:00,ENVIADO,ABIERTA,ACTIVA,2025-08-06 00:00:00,Team B,María,A,0,SI
+573000000157,2025-08-06 00:00:00,ENVIADO,SIN RESPUESTA,N/A,2025-08-06 00:00:00,Team C,Carlos,D,2,SI
+573000000315,2025-08-06 00:00:00,ENVIADO,CERRADA,N/A,2025-08-06 00:00:00,Team A,Luisa,D,0,NO
+573000000080,2025-08-06 00:00:00,ENVIADO,ABIERTA,ACTIVA,2025-08-06 00:00:00,Team A,Luisa,B,0,NO
+573000000247,2025-08-06 00:00:00,FALLIDO,ABIERTA,N/A,2025-08-06 00:00:00,Team B,Ana,C,2,NO
+573000000261,2025-08-06 00:00:00,FALLIDO,ABIERTA,N/A,2025-08-06 00:00:00,Team C,Luisa,D,2,NO
+573000000396,2025-08-07 00:00:00,FALLIDO,CERRADA,EXPIRADA,2025-08-07 00:00:00,Team C,Carlos,D,2,NO
+573000000148,2025-08-07 00:00:00,ENVIADO,SIN RESPUESTA,ACTIVA,2025-08-07 00:00:00,Team A,Juan,B,2,NO
+573000000359,2025-08-07 00:00:00,ENVIADO,ABIERTA,EXPIRADA,2025-08-07 00:00:00,Team C,María,C,0,NO
+573000000464,2025-08-07 00:00:00,PENDIENTE,SIN RESPUESTA,N/A,2025-08-07 00:00:00,Team B,Juan,A,0,SI
+573000000074,2025-08-08 00:00:00,ENVIADO,SIN RESPUESTA,N/A,2025-08-08 00:00:00,Team B,Carlos,B,1,NO
+573000000067,2025-08-08 00:00:00,ENVIADO,SIN RESPUESTA,ACTIVA,2025-08-08 00:00:00,Team B,Juan,A,0,NO
+573000000289,2025-08-08 00:00:00,ENVIADO,SIN RESPUESTA,EXPIRADA,2025-08-08 00:00:00,Team A,Luisa,C,1,NO
+573000000114,2025-08-08 00:00:00,FALLIDO,SIN RESPUESTA,EXPIRADA,2025-08-08 00:00:00,Team A,Carlos,B,0,NO
+573000000421,2025-08-08 00:00:00,FALLIDO,SIN RESPUESTA,N/A,2025-08-08 00:00:00,Team A,Luisa,B,1,NO
+573000000252,2025-08-08 00:00:00,PENDIENTE,SIN RESPUESTA,N/A,2025-08-08 00:00:00,Team B,María,B,2,NO
+573000000485,2025-08-09 00:00:00,PENDIENTE,CERRADA,EXPIRADA,2025-08-09 00:00:00,Team B,Ana,C,2,NO
+573000000203,2025-08-09 00:00:00,FALLIDO,SIN RESPUESTA,ACTIVA,2025-08-09 00:00:00,Team B,Luisa,B,0,NO
+573000000118,2025-08-09 00:00:00,ENVIADO,CERRADA,EXPIRADA,2025-08-09 00:00:00,Team C,Ana,B,2,SI
+573000000095,2025-08-09 00:00:00,ENVIADO,SIN RESPUESTA,EXPIRADA,2025-08-09 00:00:00,Team B,Luisa,A,2,NO
+573000000488,2025-08-09 00:00:00,ENVIADO,SIN RESPUESTA,ACTIVA,2025-08-09 00:00:00,Team C,Juan,A,2,NO
+573000000373,2025-08-09 00:00:00,ENVIADO,ABIERTA,ACTIVA,2025-08-09 00:00:00,Team B,María,D,2,SI
+573000000350,2025-08-09 00:00:00,ENVIADO,ABIERTA,EXPIRADA,2025-08-09 00:00:00,Team B,María,B,0,NO
+573000000247,2025-08-10 00:00:00,ENVIADO,ABIERTA,N/A,2025-08-10 00:00:00,Team A,Juan,A,1,NO
+573000000163,2025-08-10 00:00:00,ENVIADO,SIN RESPUESTA,ACTIVA,2025-08-10 00:00:00,Team B,Carlos,B,2,NO
+573000000354,2025-08-10 00:00:00,ENVIADO,SIN RESPUESTA,ACTIVA,2025-08-10 00:00:00,Team A,María,B,0,SI
+573000000159,2025-08-10 00:00:00,FALLIDO,ABIERTA,ACTIVA,2025-08-10 00:00:00,Team A,Ana,A,0,SI
+573000000166,2025-08-10 00:00:00,PENDIENTE,ABIERTA,EXPIRADA,2025-08-10 00:00:00,Team A,Carlos,B,1,NO
+573000000107,2025-08-10 00:00:00,ENVIADO,SIN RESPUESTA,EXPIRADA,2025-08-10 00:00:00,Team C,Carlos,D,0,SI
+573000000071,2025-08-11 00:00:00,ENVIADO,SIN RESPUESTA,ACTIVA,2025-08-11 00:00:00,Team C,Ana,A,1,NO
+573000000082,2025-08-11 00:00:00,ENVIADO,CERRADA,N/A,2025-08-11 00:00:00,Team A,Luisa,B,1,NO
+573000000360,2025-08-11 00:00:00,FALLIDO,SIN RESPUESTA,ACTIVA,2025-08-11 00:00:00,Team B,Ana,B,0,NO
+573000000340,2025-08-11 00:00:00,ENVIADO,ABIERTA,ACTIVA,2025-08-11 00:00:00,Team B,Juan,B,0,NO
+573000000111,2025-08-11 00:00:00,ENVIADO,CERRADA,N/A,2025-08-11 00:00:00,Team C,Ana,D,0,NO
+573000000373,2025-08-12 00:00:00,ENVIADO,CERRADA,ACTIVA,2025-08-12 00:00:00,Team A,Luisa,D,2,SI
+573000000287,2025-08-12 00:00:00,PENDIENTE,CERRADA,ACTIVA,2025-08-12 00:00:00,Team A,Ana,C,2,NO
+573000000352,2025-08-12 00:00:00,ENVIADO,SIN RESPUESTA,ACTIVA,2025-08-12 00:00:00,Team C,Juan,D,1,NO
+573000000074,2025-08-12 00:00:00,ENVIADO,CERRADA,EXPIRADA,2025-08-12 00:00:00,Team B,Luisa,A,0,NO
+573000000128,2025-08-12 00:00:00,ENVIADO,CERRADA,ACTIVA,2025-08-12 00:00:00,Team A,Ana,A,1,NO
+573000000043,2025-08-12 00:00:00,ENVIADO,SIN RESPUESTA,N/A,2025-08-12 00:00:00,Team B,Luisa,C,2,SI
+573000000041,2025-08-12 00:00:00,ENVIADO,SIN RESPUESTA,EXPIRADA,2025-08-12 00:00:00,Team C,Luisa,B,0,NO
+573000000171,2025-08-13 00:00:00,ENVIADO,ABIERTA,ACTIVA,2025-08-13 00:00:00,Team B,María,B,0,NO
+573000000285,2025-08-13 00:00:00,ENVIADO,CERRADA,EXPIRADA,2025-08-13 00:00:00,Team A,María,C,2,NO
+573000000290,2025-08-13 00:00:00,ENVIADO,ABIERTA,EXPIRADA,2025-08-13 00:00:00,Team C,Luisa,A,2,NO
+573000000266,2025-08-13 00:00:00,ENVIADO,ABIERTA,EXPIRADA,2025-08-13 00:00:00,Team B,Ana,A,1,NO
+573000000286,2025-08-13 00:00:00,ENVIADO,SIN RESPUESTA,ACTIVA,2025-08-13 00:00:00,Team C,Juan,B,1,NO
+573000000257,2025-08-13 00:00:00,FALLIDO,ABIERTA,ACTIVA,2025-08-13 00:00:00,Team B,Juan,D,1,NO
+573000000262,2025-08-14 00:00:00,ENVIADO,SIN RESPUESTA,EXPIRADA,2025-08-14 00:00:00,Team B,Carlos,C,2,NO
+573000000252,2025-08-14 00:00:00,ENVIADO,CERRADA,EXPIRADA,2025-08-14 00:00:00,Team A,María,B,1,NO
+573000000079,2025-08-14 00:00:00,PENDIENTE,SIN RESPUESTA,N/A,2025-08-14 00:00:00,Team C,Juan,A,0,SI
+573000000081,2025-08-14 00:00:00,PENDIENTE,CERRADA,EXPIRADA,2025-08-14 00:00:00,Team B,Juan,A,1,SI
+573000000064,2025-08-14 00:00:00,PENDIENTE,SIN RESPUESTA,ACTIVA,2025-08-14 00:00:00,Team C,María,A,1,NO
+573000000349,2025-08-14 00:00:00,PENDIENTE,CERRADA,ACTIVA,2025-08-14 00:00:00,Team C,Carlos,A,0,NO
+573000000358,2025-08-14 00:00:00,ENVIADO,ABIERTA,N/A,2025-08-14 00:00:00,Team A,Carlos,D,1,SI
+573000000029,2025-08-15 00:00:00,FALLIDO,ABIERTA,ACTIVA,2025-08-15 00:00:00,Team B,Luisa,B,2,NO
+573000000494,2025-08-15 00:00:00,ENVIADO,SIN RESPUESTA,N/A,2025-08-15 00:00:00,Team A,Luisa,C,0,NO
+573000000385,2025-08-15 00:00:00,ENVIADO,ABIERTA,EXPIRADA,2025-08-15 00:00:00,Team C,Carlos,B,0,NO
+573000000254,2025-08-15 00:00:00,ENVIADO,CERRADA,N/A,2025-08-15 00:00:00,Team B,María,D,1,NO
+573000000399,2025-08-15 00:00:00,PENDIENTE,CERRADA,N/A,2025-08-15 00:00:00,Team A,María,C,2,SI
+573000000004,2025-08-15 00:00:00,ENVIADO,ABIERTA,ACTIVA,2025-08-15 00:00:00,Team B,Ana,C,2,NO
+573000000437,2025-08-15 00:00:00,ENVIADO,SIN RESPUESTA,ACTIVA,2025-08-15 00:00:00,Team A,Ana,D,2,NO
+573000000118,2025-08-15 00:00:00,PENDIENTE,SIN RESPUESTA,ACTIVA,2025-08-15 00:00:00,Team A,Luisa,D,2,SI
+573000000299,2025-08-16 00:00:00,ENVIADO,ABIERTA,N/A,2025-08-16 00:00:00,Team B,Juan,D,0,NO
+573000000228,2025-08-16 00:00:00,ENVIADO,SIN RESPUESTA,N/A,2025-08-16 00:00:00,Team A,María,A,0,NO
+573000000418,2025-08-16 00:00:00,FALLIDO,CERRADA,ACTIVA,2025-08-16 00:00:00,Team C,Carlos,C,0,SI
+573000000096,2025-08-16 00:00:00,ENVIADO,SIN RESPUESTA,N/A,2025-08-16 00:00:00,Team C,Juan,C,0,NO
+573000000032,2025-08-16 00:00:00,ENVIADO,ABIERTA,ACTIVA,2025-08-16 00:00:00,Team C,Juan,B,0,NO
+573000000277,2025-08-16 00:00:00,ENVIADO,SIN RESPUESTA,EXPIRADA,2025-08-16 00:00:00,Team A,María,D,2,NO
+573000000088,2025-08-16 00:00:00,ENVIADO,SIN RESPUESTA,N/A,2025-08-16 00:00:00,Team B,Ana,B,0,NO
+573000000356,2025-08-16 00:00:00,ENVIADO,CERRADA,ACTIVA,2025-08-16 00:00:00,Team A,Carlos,D,1,NO
+573000000021,2025-08-17 00:00:00,PENDIENTE,SIN RESPUESTA,ACTIVA,2025-08-17 00:00:00,Team C,Ana,D,1,NO
+573000000322,2025-08-17 00:00:00,ENVIADO,ABIERTA,ACTIVA,2025-08-17 00:00:00,Team A,Juan,D,1,NO
+573000000426,2025-08-17 00:00:00,FALLIDO,ABIERTA,EXPIRADA,2025-08-17 00:00:00,Team B,Luisa,B,0,NO
+573000000364,2025-08-17 00:00:00,ENVIADO,SIN RESPUESTA,ACTIVA,2025-08-17 00:00:00,Team C,Ana,A,0,SI
+573000000128,2025-08-17 00:00:00,PENDIENTE,ABIERTA,N/A,2025-08-17 00:00:00,Team B,Luisa,D,1,NO
+573000000249,2025-08-17 00:00:00,ENVIADO,SIN RESPUESTA,N/A,2025-08-17 00:00:00,Team B,Ana,C,2,NO
+573000000465,2025-08-17 00:00:00,ENVIADO,SIN RESPUESTA,ACTIVA,2025-08-17 00:00:00,Team B,Ana,D,1,NO
+573000000476,2025-08-17 00:00:00,ENVIADO,ABIERTA,EXPIRADA,2025-08-17 00:00:00,Team A,María,D,2,NO
+573000000484,2025-08-18 00:00:00,ENVIADO,CERRADA,ACTIVA,2025-08-18 00:00:00,Team A,Luisa,D,2,NO
+573000000276,2025-08-18 00:00:00,PENDIENTE,SIN RESPUESTA,N/A,2025-08-18 00:00:00,Team C,Carlos,A,0,NO
+573000000488,2025-08-18 00:00:00,ENVIADO,ABIERTA,N/A,2025-08-18 00:00:00,Team A,Carlos,C,2,NO
+573000000302,2025-08-18 00:00:00,ENVIADO,ABIERTA,EXPIRADA,2025-08-18 00:00:00,Team C,Luisa,B,2,NO
+573000000179,2025-08-18 00:00:00,ENVIADO,SIN RESPUESTA,ACTIVA,2025-08-18 00:00:00,Team A,María,B,0,SI
+573000000167,2025-08-18 00:00:00,ENVIADO,ABIERTA,ACTIVA,2025-08-18 00:00:00,Team A,Ana,B,0,NO
+573000000397,2025-08-18 00:00:00,ENVIADO,CERRADA,ACTIVA,2025-08-18 00:00:00,Team C,Carlos,B,2,NO
+573000000339,2025-08-18 00:00:00,ENVIADO,SIN RESPUESTA,EXPIRADA,2025-08-18 00:00:00,Team C,María,A,2,NO
+573000000423,2025-08-19 00:00:00,ENVIADO,SIN RESPUESTA,EXPIRADA,2025-08-19 00:00:00,Team B,María,D,1,NO
+573000000397,2025-08-19 00:00:00,ENVIADO,ABIERTA,EXPIRADA,2025-08-19 00:00:00,Team C,Luisa,A,2,NO
+573000000193,2025-08-19 00:00:00,ENVIADO,ABIERTA,EXPIRADA,2025-08-19 00:00:00,Team C,Carlos,A,1,NO
+573000000444,2025-08-20 00:00:00,FALLIDO,SIN RESPUESTA,ACTIVA,2025-08-20 00:00:00,Team C,Luisa,B,0,NO
+573000000016,2025-08-20 00:00:00,ENVIADO,CERRADA,N/A,2025-08-20 00:00:00,Team C,Luisa,C,2,NO
+573000000491,2025-08-20 00:00:00,ENVIADO,ABIERTA,EXPIRADA,2025-08-20 00:00:00,Team B,Juan,C,2,NO
+573000000443,2025-08-20 00:00:00,ENVIADO,ABIERTA,N/A,2025-08-20 00:00:00,Team C,Juan,D,0,SI
+573000000272,2025-08-20 00:00:00,PENDIENTE,ABIERTA,EXPIRADA,2025-08-20 00:00:00,Team A,María,C,2,NO
+573000000078,2025-08-21 00:00:00,ENVIADO,ABIERTA,EXPIRADA,2025-08-21 00:00:00,Team A,María,C,2,NO
+573000000335,2025-08-21 00:00:00,ENVIADO,ABIERTA,ACTIVA,2025-08-21 00:00:00,Team B,Ana,A,2,SI
+573000000074,2025-08-21 00:00:00,ENVIADO,CERRADA,ACTIVA,2025-08-21 00:00:00,Team B,Juan,C,0,NO
+573000000355,2025-08-21 00:00:00,FALLIDO,ABIERTA,ACTIVA,2025-08-21 00:00:00,Team C,Ana,C,1,NO
+573000000221,2025-08-22 00:00:00,ENVIADO,SIN RESPUESTA,ACTIVA,2025-08-22 00:00:00,Team A,María,B,2,SI
+573000000466,2025-08-22 00:00:00,ENVIADO,CERRADA,ACTIVA,2025-08-22 00:00:00,Team C,Carlos,D,1,NO
+573000000457,2025-08-22 00:00:00,PENDIENTE,SIN RESPUESTA,EXPIRADA,2025-08-22 00:00:00,Team B,Luisa,A,2,NO
+573000000104,2025-08-22 00:00:00,ENVIADO,SIN RESPUESTA,ACTIVA,2025-08-22 00:00:00,Team B,María,D,2,SI
+573000000422,2025-08-22 00:00:00,ENVIADO,ABIERTA,EXPIRADA,2025-08-22 00:00:00,Team C,María,B,0,NO
+573000000366,2025-08-23 00:00:00,ENVIADO,ABIERTA,EXPIRADA,2025-08-23 00:00:00,Team B,Luisa,A,0,NO
+573000000025,2025-08-23 00:00:00,FALLIDO,ABIERTA,N/A,2025-08-23 00:00:00,Team B,Juan,C,2,NO
+573000000192,2025-08-23 00:00:00,ENVIADO,SIN RESPUESTA,EXPIRADA,2025-08-23 00:00:00,Team C,Carlos,D,1,NO
+573000000044,2025-08-23 00:00:00,FALLIDO,ABIERTA,EXPIRADA,2025-08-23 00:00:00,Team B,Luisa,C,1,NO
+573000000402,2025-08-23 00:00:00,PENDIENTE,SIN RESPUESTA,ACTIVA,2025-08-23 00:00:00,Team B,Carlos,D,1,NO
+573000000316,2025-08-23 00:00:00,ENVIADO,ABIERTA,ACTIVA,2025-08-23 00:00:00,Team A,Ana,A,2,NO
+573000000067,2025-08-23 00:00:00,ENVIADO,ABIERTA,ACTIVA,2025-08-23 00:00:00,Team A,Ana,B,1,NO
+573000000442,2025-08-24 00:00:00,PENDIENTE,SIN RESPUESTA,EXPIRADA,2025-08-24 00:00:00,Team B,María,A,0,SI
+573000000372,2025-08-24 00:00:00,ENVIADO,CERRADA,N/A,2025-08-24 00:00:00,Team A,Juan,A,0,NO
+573000000080,2025-08-24 00:00:00,ENVIADO,ABIERTA,ACTIVA,2025-08-24 00:00:00,Team B,Ana,B,1,NO
+573000000233,2025-08-24 00:00:00,ENVIADO,ABIERTA,ACTIVA,2025-08-24 00:00:00,Team B,María,A,2,SI
+573000000327,2025-08-24 00:00:00,ENVIADO,ABIERTA,ACTIVA,2025-08-24 00:00:00,Team A,María,A,2,NO
+573000000014,2025-08-24 00:00:00,ENVIADO,SIN RESPUESTA,ACTIVA,2025-08-24 00:00:00,Team B,Luisa,B,1,NO
+573000000165,2025-08-24 00:00:00,ENVIADO,SIN RESPUESTA,EXPIRADA,2025-08-24 00:00:00,Team C,Carlos,A,0,NO
+573000000430,2025-08-25 00:00:00,PENDIENTE,CERRADA,ACTIVA,2025-08-25 00:00:00,Team A,María,A,0,NO
+573000000188,2025-08-25 00:00:00,ENVIADO,CERRADA,EXPIRADA,2025-08-25 00:00:00,Team C,María,D,1,SI
+573000000492,2025-08-25 00:00:00,ENVIADO,ABIERTA,EXPIRADA,2025-08-25 00:00:00,Team B,Luisa,B,1,NO
+573000000332,2025-08-25 00:00:00,ENVIADO,SIN RESPUESTA,ACTIVA,2025-08-25 00:00:00,Team A,Ana,B,1,NO
+573000000235,2025-08-25 00:00:00,ENVIADO,ABIERTA,ACTIVA,2025-08-25 00:00:00,Team A,María,B,2,NO
+573000000348,2025-08-25 00:00:00,PENDIENTE,CERRADA,ACTIVA,2025-08-25 00:00:00,Team A,María,D,0,SI
+573000000374,2025-08-25 00:00:00,FALLIDO,CERRADA,ACTIVA,2025-08-25 00:00:00,Team C,Luisa,C,2,NO
+573000000277,2025-08-25 00:00:00,ENVIADO,ABIERTA,ACTIVA,2025-08-25 00:00:00,Team A,Juan,C,2,NO
+573000000328,2025-08-26 00:00:00,PENDIENTE,SIN RESPUESTA,ACTIVA,2025-08-26 00:00:00,Team B,María,A,0,SI
+573000000262,2025-08-26 00:00:00,ENVIADO,ABIERTA,EXPIRADA,2025-08-26 00:00:00,Team C,Ana,A,1,NO
+573000000059,2025-08-26 00:00:00,PENDIENTE,ABIERTA,ACTIVA,2025-08-26 00:00:00,Team B,María,A,1,SI
+573000000323,2025-08-27 00:00:00,ENVIADO,SIN RESPUESTA,ACTIVA,2025-08-27 00:00:00,Team B,Ana,D,0,NO
+573000000458,2025-08-27 00:00:00,ENVIADO,CERRADA,EXPIRADA,2025-08-27 00:00:00,Team B,Juan,B,1,NO
+573000000231,2025-08-27 00:00:00,ENVIADO,CERRADA,ACTIVA,2025-08-27 00:00:00,Team C,Juan,A,1,NO
+573000000277,2025-08-27 00:00:00,ENVIADO,CERRADA,ACTIVA,2025-08-27 00:00:00,Team C,Ana,B,0,NO
+573000000361,2025-08-27 00:00:00,PENDIENTE,SIN RESPUESTA,ACTIVA,2025-08-27 00:00:00,Team A,Luisa,B,1,NO
+573000000260,2025-08-27 00:00:00,PENDIENTE,ABIERTA,EXPIRADA,2025-08-27 00:00:00,Team B,María,C,2,NO
+573000000040,2025-08-27 00:00:00,ENVIADO,SIN RESPUESTA,N/A,2025-08-27 00:00:00,Team C,Ana,D,2,NO
+573000000058,2025-08-28 00:00:00,ENVIADO,ABIERTA,N/A,2025-08-28 00:00:00,Team B,Luisa,B,1,NO
+573000000200,2025-08-28 00:00:00,FALLIDO,ABIERTA,ACTIVA,2025-08-28 00:00:00,Team C,Juan,B,0,NO
+573000000369,2025-08-28 00:00:00,PENDIENTE,ABIERTA,ACTIVA,2025-08-28 00:00:00,Team B,Ana,B,2,NO
+573000000339,2025-08-28 00:00:00,ENVIADO,ABIERTA,ACTIVA,2025-08-28 00:00:00,Team A,María,A,2,NO
+573000000042,2025-08-29 00:00:00,ENVIADO,ABIERTA,ACTIVA,2025-08-29 00:00:00,Team A,Carlos,C,0,NO
+573000000195,2025-08-29 00:00:00,ENVIADO,CERRADA,N/A,2025-08-29 00:00:00,Team C,Luisa,C,1,SI
+573000000329,2025-08-29 00:00:00,PENDIENTE,ABIERTA,EXPIRADA,2025-08-29 00:00:00,Team A,María,C,2,NO
+573000000122,2025-08-29 00:00:00,FALLIDO,SIN RESPUESTA,ACTIVA,2025-08-29 00:00:00,Team A,Juan,C,1,SI
+573000000045,2025-08-29 00:00:00,ENVIADO,ABIERTA,ACTIVA,2025-08-29 00:00:00,Team A,Juan,A,0,NO
+573000000336,2025-08-29 00:00:00,ENVIADO,SIN RESPUESTA,ACTIVA,2025-08-29 00:00:00,Team A,Carlos,C,0,SI
+573000000344,2025-08-30 00:00:00,ENVIADO,ABIERTA,EXPIRADA,2025-08-30 00:00:00,Team B,Juan,D,2,NO
+573000000290,2025-08-30 00:00:00,PENDIENTE,ABIERTA,ACTIVA,2025-08-30 00:00:00,Team A,María,D,0,NO
+573000000091,2025-08-30 00:00:00,ENVIADO,CERRADA,N/A,2025-08-30 00:00:00,Team B,María,A,2,NO
+573000000220,2025-08-30 00:00:00,ENVIADO,ABIERTA,EXPIRADA,2025-08-30 00:00:00,Team C,Carlos,A,2,SI
+573000000181,2025-08-30 00:00:00,PENDIENTE,ABIERTA,EXPIRADA,2025-08-30 00:00:00,Team C,Carlos,A,1,SI
+573000000264,2025-08-30 00:00:00,FALLIDO,CERRADA,EXPIRADA,2025-08-30 00:00:00,Team B,María,B,0,NO
+573000000436,2025-08-31 00:00:00,FALLIDO,ABIERTA,EXPIRADA,2025-08-31 00:00:00,Team C,Juan,C,2,NO
+573000000329,2025-08-31 00:00:00,ENVIADO,ABIERTA,N/A,2025-08-31 00:00:00,Team B,María,C,0,NO
+573000000170,2025-08-31 00:00:00,FALLIDO,ABIERTA,EXPIRADA,2025-08-31 00:00:00,Team B,Carlos,A,1,NO
+573000000474,2025-08-31 00:00:00,ENVIADO,ABIERTA,N/A,2025-08-31 00:00:00,Team C,Juan,D,1,NO
+573000000215,2025-08-31 00:00:00,ENVIADO,SIN RESPUESTA,ACTIVA,2025-08-31 00:00:00,Team B,Luisa,D,1,NO
+573000000156,2025-08-31 00:00:00,ENVIADO,SIN RESPUESTA,N/A,2025-08-31 00:00:00,Team B,Juan,C,0,NO
+573000000044,2025-08-31 00:00:00,PENDIENTE,SIN RESPUESTA,ACTIVA,2025-08-31 00:00:00,Team C,Luisa,B,2,NO
+573000000068,2025-09-01 00:00:00,ENVIADO,ABIERTA,ACTIVA,2025-09-01 00:00:00,Team B,Ana,D,0,NO
+573000000393,2025-09-01 00:00:00,ENVIADO,SIN RESPUESTA,EXPIRADA,2025-09-01 00:00:00,Team B,Juan,C,0,NO
+573000000483,2025-09-01 00:00:00,FALLIDO,ABIERTA,ACTIVA,2025-09-01 00:00:00,Team A,Juan,D,1,NO
+573000000191,2025-09-01 00:00:00,FALLIDO,CERRADA,ACTIVA,2025-09-01 00:00:00,Team C,Luisa,C,1,NO
+573000000332,2025-09-01 00:00:00,ENVIADO,SIN RESPUESTA,ACTIVA,2025-09-01 00:00:00,Team A,Luisa,A,0,NO
+573000000136,2025-09-01 00:00:00,ENVIADO,ABIERTA,EXPIRADA,2025-09-01 00:00:00,Team B,Juan,C,0,NO
+573000000132,2025-09-01 00:00:00,FALLIDO,SIN RESPUESTA,ACTIVA,2025-09-01 00:00:00,Team C,María,C,2,NO
+573000000089,2025-09-01 00:00:00,ENVIADO,ABIERTA,EXPIRADA,2025-09-01 00:00:00,Team C,Ana,A,0,SI
+573000000361,2025-09-02 00:00:00,ENVIADO,ABIERTA,ACTIVA,2025-09-02 00:00:00,Team A,Juan,D,0,NO
+573000000246,2025-09-02 00:00:00,ENVIADO,ABIERTA,ACTIVA,2025-09-02 00:00:00,Team B,Luisa,D,2,NO
+573000000182,2025-09-02 00:00:00,ENVIADO,ABIERTA,ACTIVA,2025-09-02 00:00:00,Team A,María,C,2,SI
+573000000278,2025-09-03 00:00:00,ENVIADO,SIN RESPUESTA,EXPIRADA,2025-09-03 00:00:00,Team C,Juan,B,1,SI
+573000000123,2025-09-03 00:00:00,ENVIADO,CERRADA,EXPIRADA,2025-09-03 00:00:00,Team B,Ana,A,0,NO
+573000000438,2025-09-03 00:00:00,ENVIADO,ABIERTA,ACTIVA,2025-09-03 00:00:00,Team A,Juan,D,1,SI
+573000000422,2025-09-03 00:00:00,FALLIDO,SIN RESPUESTA,N/A,2025-09-03 00:00:00,Team B,Luisa,D,0,NO
+573000000259,2025-09-03 00:00:00,ENVIADO,ABIERTA,ACTIVA,2025-09-03 00:00:00,Team B,Juan,D,1,SI
+573000000072,2025-09-04 00:00:00,ENVIADO,ABIERTA,EXPIRADA,2025-09-04 00:00:00,Team B,Ana,A,1,SI
+573000000466,2025-09-04 00:00:00,PENDIENTE,CERRADA,ACTIVA,2025-09-04 00:00:00,Team C,Ana,B,2,NO
+573000000379,2025-09-04 00:00:00,PENDIENTE,ABIERTA,EXPIRADA,2025-09-04 00:00:00,Team C,Juan,A,2,NO
+573000000471,2025-09-04 00:00:00,PENDIENTE,ABIERTA,ACTIVA,2025-09-04 00:00:00,Team A,María,D,2,NO
+573000000196,2025-09-04 00:00:00,PENDIENTE,SIN RESPUESTA,N/A,2025-09-04 00:00:00,Team B,Carlos,D,2,SI
+573000000108,2025-09-04 00:00:00,ENVIADO,CERRADA,ACTIVA,2025-09-04 00:00:00,Team B,Luisa,A,0,NO
+573000000024,2025-09-04 00:00:00,ENVIADO,ABIERTA,EXPIRADA,2025-09-04 00:00:00,Team A,Juan,B,0,SI
+573000000304,2025-09-04 00:00:00,FALLIDO,CERRADA,EXPIRADA,2025-09-04 00:00:00,Team C,Juan,C,1,NO
+573000000328,2025-09-05 00:00:00,PENDIENTE,SIN RESPUESTA,N/A,2025-09-05 00:00:00,Team A,María,C,0,NO
+573000000231,2025-09-05 00:00:00,PENDIENTE,ABIERTA,ACTIVA,2025-09-05 00:00:00,Team A,Ana,B,2,SI
+573000000177,2025-09-05 00:00:00,ENVIADO,SIN RESPUESTA,ACTIVA,2025-09-05 00:00:00,Team B,Ana,C,0,NO
+573000000138,2025-09-05 00:00:00,ENVIADO,SIN RESPUESTA,N/A,2025-09-05 00:00:00,Team C,Carlos,A,1,NO
+573000000060,2025-09-06 00:00:00,ENVIADO,ABIERTA,ACTIVA,2025-09-06 00:00:00,Team B,Ana,A,2,NO
+573000000406,2025-09-06 00:00:00,ENVIADO,SIN RESPUESTA,EXPIRADA,2025-09-06 00:00:00,Team C,María,A,0,NO
+573000000314,2025-09-06 00:00:00,ENVIADO,ABIERTA,ACTIVA,2025-09-06 00:00:00,Team C,Ana,A,2,NO
+573000000060,2025-09-06 00:00:00,FALLIDO,SIN RESPUESTA,N/A,2025-09-06 00:00:00,Team A,Juan,A,2,NO
+573000000216,2025-09-06 00:00:00,PENDIENTE,CERRADA,EXPIRADA,2025-09-06 00:00:00,Team A,María,B,2,SI
+573000000025,2025-09-06 00:00:00,FALLIDO,ABIERTA,ACTIVA,2025-09-06 00:00:00,Team B,María,A,2,NO
+573000000479,2025-09-06 00:00:00,ENVIADO,ABIERTA,ACTIVA,2025-09-06 00:00:00,Team B,Luisa,A,2,NO
+573000000432,2025-09-07 00:00:00,ENVIADO,ABIERTA,ACTIVA,2025-09-07 00:00:00,Team A,María,C,1,NO
+573000000394,2025-09-07 00:00:00,ENVIADO,SIN RESPUESTA,EXPIRADA,2025-09-07 00:00:00,Team C,María,A,1,NO
+573000000412,2025-09-07 00:00:00,ENVIADO,SIN RESPUESTA,N/A,2025-09-07 00:00:00,Team A,Carlos,C,1,NO
+573000000385,2025-09-07 00:00:00,ENVIADO,SIN RESPUESTA,EXPIRADA,2025-09-07 00:00:00,Team C,Luisa,B,2,SI
+573000000263,2025-09-07 00:00:00,ENVIADO,SIN RESPUESTA,EXPIRADA,2025-09-07 00:00:00,Team C,Luisa,D,1,NO
+573000000050,2025-09-07 00:00:00,ENVIADO,SIN RESPUESTA,EXPIRADA,2025-09-07 00:00:00,Team C,Ana,A,1,NO
+573000000187,2025-09-08 00:00:00,FALLIDO,ABIERTA,EXPIRADA,2025-09-08 00:00:00,Team B,Luisa,B,2,NO
+573000000409,2025-09-08 00:00:00,PENDIENTE,ABIERTA,N/A,2025-09-08 00:00:00,Team B,Luisa,D,1,NO
+573000000196,2025-09-08 00:00:00,ENVIADO,CERRADA,ACTIVA,2025-09-08 00:00:00,Team C,Juan,D,2,SI
+573000000165,2025-09-08 00:00:00,ENVIADO,SIN RESPUESTA,ACTIVA,2025-09-08 00:00:00,Team B,Juan,C,0,NO
+573000000154,2025-09-09 00:00:00,ENVIADO,CERRADA,N/A,2025-09-09 00:00:00,Team B,Luisa,C,1,NO
+573000000328,2025-09-09 00:00:00,ENVIADO,ABIERTA,EXPIRADA,2025-09-09 00:00:00,Team C,Carlos,D,1,NO
+573000000199,2025-09-09 00:00:00,PENDIENTE,SIN RESPUESTA,N/A,2025-09-09 00:00:00,Team C,Ana,B,2,NO
+573000000372,2025-09-09 00:00:00,FALLIDO,ABIERTA,ACTIVA,2025-09-09 00:00:00,Team C,María,A,2,SI
+573000000146,2025-09-09 00:00:00,FALLIDO,ABIERTA,ACTIVA,2025-09-09 00:00:00,Team C,Ana,C,0,NO
+573000000056,2025-09-09 00:00:00,ENVIADO,ABIERTA,EXPIRADA,2025-09-09 00:00:00,Team A,Carlos,D,2,NO
+573000000148,2025-09-09 00:00:00,ENVIADO,SIN RESPUESTA,N/A,2025-09-09 00:00:00,Team C,María,B,0,NO
+573000000188,2025-09-09 00:00:00,ENVIADO,ABIERTA,N/A,2025-09-09 00:00:00,Team C,Juan,D,0,NO
+573000000431,2025-09-10 00:00:00,ENVIADO,CERRADA,EXPIRADA,2025-09-10 00:00:00,Team A,Juan,D,1,NO
+573000000319,2025-09-10 00:00:00,ENVIADO,SIN RESPUESTA,ACTIVA,2025-09-10 00:00:00,Team C,Juan,C,1,NO
+573000000164,2025-09-10 00:00:00,FALLIDO,ABIERTA,EXPIRADA,2025-09-10 00:00:00,Team A,Juan,B,2,NO
+573000000472,2025-09-10 00:00:00,ENVIADO,ABIERTA,EXPIRADA,2025-09-10 00:00:00,Team C,Luisa,D,1,NO
+573000000219,2025-09-10 00:00:00,ENVIADO,CERRADA,EXPIRADA,2025-09-10 00:00:00,Team B,Carlos,A,0,NO
+573000000447,2025-09-11 00:00:00,ENVIADO,CERRADA,ACTIVA,2025-09-11 00:00:00,Team A,Ana,C,2,NO
+573000000031,2025-09-11 00:00:00,ENVIADO,SIN RESPUESTA,EXPIRADA,2025-09-11 00:00:00,Team A,Juan,B,1,SI
+573000000146,2025-09-11 00:00:00,ENVIADO,CERRADA,N/A,2025-09-11 00:00:00,Team A,Juan,A,2,SI
+573000000302,2025-09-11 00:00:00,ENVIADO,ABIERTA,ACTIVA,2025-09-11 00:00:00,Team A,Carlos,D,1,NO
+573000000076,2025-09-11 00:00:00,ENVIADO,ABIERTA,EXPIRADA,2025-09-11 00:00:00,Team A,Luisa,D,0,NO
+573000000094,2025-09-11 00:00:00,ENVIADO,CERRADA,EXPIRADA,2025-09-11 00:00:00,Team A,Luisa,C,0,NO
+573000000014,2025-09-11 00:00:00,ENVIADO,CERRADA,ACTIVA,2025-09-11 00:00:00,Team C,Carlos,B,1,SI
+573000000214,2025-09-12 00:00:00,FALLIDO,ABIERTA,ACTIVA,2025-09-12 00:00:00,Team B,Carlos,B,0,NO
+573000000493,2025-09-12 00:00:00,ENVIADO,CERRADA,ACTIVA,2025-09-12 00:00:00,Team A,Luisa,D,1,NO
+573000000079,2025-09-12 00:00:00,ENVIADO,SIN RESPUESTA,ACTIVA,2025-09-12 00:00:00,Team C,Ana,A,0,NO
+573000000396,2025-09-12 00:00:00,ENVIADO,ABIERTA,EXPIRADA,2025-09-12 00:00:00,Team C,Juan,B,2,NO
+573000000359,2025-09-12 00:00:00,ENVIADO,SIN RESPUESTA,EXPIRADA,2025-09-12 00:00:00,Team A,Luisa,B,0,NO
+573000000169,2025-09-13 00:00:00,ENVIADO,CERRADA,ACTIVA,2025-09-13 00:00:00,Team B,Luisa,C,1,NO
+573000000483,2025-09-13 00:00:00,ENVIADO,SIN RESPUESTA,N/A,2025-09-13 00:00:00,Team B,Ana,A,1,NO
+573000000191,2025-09-13 00:00:00,ENVIADO,SIN RESPUESTA,ACTIVA,2025-09-13 00:00:00,Team C,Juan,A,1,NO
+573000000424,2025-09-13 00:00:00,ENVIADO,ABIERTA,ACTIVA,2025-09-13 00:00:00,Team A,Luisa,C,1,SI
+573000000493,2025-09-13 00:00:00,ENVIADO,SIN RESPUESTA,EXPIRADA,2025-09-13 00:00:00,Team C,María,A,0,NO
+573000000410,2025-09-14 00:00:00,ENVIADO,CERRADA,ACTIVA,2025-09-14 00:00:00,Team A,María,A,0,NO
+573000000248,2025-09-14 00:00:00,ENVIADO,CERRADA,ACTIVA,2025-09-14 00:00:00,Team B,Ana,B,1,NO
+573000000030,2025-09-14 00:00:00,FALLIDO,CERRADA,ACTIVA,2025-09-14 00:00:00,Team A,Carlos,B,2,NO
+573000000172,2025-09-14 00:00:00,ENVIADO,SIN RESPUESTA,ACTIVA,2025-09-14 00:00:00,Team B,María,C,0,SI
+573000000360,2025-09-14 00:00:00,PENDIENTE,SIN RESPUESTA,EXPIRADA,2025-09-14 00:00:00,Team C,Juan,B,0,NO
+573000000200,2025-09-15 00:00:00,ENVIADO,CERRADA,EXPIRADA,2025-09-15 00:00:00,Team B,María,D,2,NO
+573000000052,2025-09-15 00:00:00,ENVIADO,SIN RESPUESTA,N/A,2025-09-15 00:00:00,Team C,Luisa,C,1,NO
+573000000256,2025-09-15 00:00:00,ENVIADO,ABIERTA,ACTIVA,2025-09-15 00:00:00,Team B,María,D,1,SI
+573000000262,2025-09-15 00:00:00,ENVIADO,ABIERTA,EXPIRADA,2025-09-15 00:00:00,Team C,Ana,B,0,NO
+573000000238,2025-09-15 00:00:00,ENVIADO,ABIERTA,ACTIVA,2025-09-15 00:00:00,Team A,Luisa,B,1,NO
+573000000342,2025-09-15 00:00:00,ENVIADO,ABIERTA,ACTIVA,2025-09-15 00:00:00,Team A,Ana,A,1,NO
+573000000421,2025-09-15 00:00:00,FALLIDO,SIN RESPUESTA,ACTIVA,2025-09-15 00:00:00,Team A,Juan,A,0,SI
+573000000090,2025-09-15 00:00:00,ENVIADO,ABIERTA,EXPIRADA,2025-09-15 00:00:00,Team C,Ana,C,1,NO
+573000000045,2025-09-16 00:00:00,PENDIENTE,SIN RESPUESTA,EXPIRADA,2025-09-16 00:00:00,Team A,Carlos,D,2,NO
+573000000054,2025-09-16 00:00:00,ENVIADO,SIN RESPUESTA,N/A,2025-09-16 00:00:00,Team A,Juan,C,0,SI
+573000000146,2025-09-16 00:00:00,ENVIADO,ABIERTA,EXPIRADA,2025-09-16 00:00:00,Team C,Luisa,D,0,NO
+573000000389,2025-09-17 00:00:00,ENVIADO,SIN RESPUESTA,N/A,2025-09-17 00:00:00,Team B,Juan,C,1,NO
+573000000075,2025-09-17 00:00:00,ENVIADO,SIN RESPUESTA,EXPIRADA,2025-09-17 00:00:00,Team C,Juan,C,0,SI
+573000000129,2025-09-17 00:00:00,ENVIADO,ABIERTA,ACTIVA,2025-09-17 00:00:00,Team C,Carlos,B,1,NO
+573000000019,2025-09-17 00:00:00,FALLIDO,CERRADA,N/A,2025-09-17 00:00:00,Team B,Ana,B,2,SI
+573000000317,2025-09-17 00:00:00,PENDIENTE,SIN RESPUESTA,N/A,2025-09-17 00:00:00,Team A,María,C,2,SI
+573000000371,2025-09-17 00:00:00,FALLIDO,SIN RESPUESTA,N/A,2025-09-17 00:00:00,Team A,Carlos,D,1,NO
+573000000057,2025-09-18 00:00:00,ENVIADO,SIN RESPUESTA,ACTIVA,2025-09-18 00:00:00,Team A,María,B,2,NO
+573000000404,2025-09-18 00:00:00,ENVIADO,ABIERTA,EXPIRADA,2025-09-18 00:00:00,Team A,Luisa,D,0,NO
+573000000052,2025-09-18 00:00:00,PENDIENTE,ABIERTA,EXPIRADA,2025-09-18 00:00:00,Team A,Carlos,C,2,NO
+573000000218,2025-09-18 00:00:00,ENVIADO,SIN RESPUESTA,EXPIRADA,2025-09-18 00:00:00,Team A,Ana,D,1,SI
+573000000011,2025-09-18 00:00:00,ENVIADO,SIN RESPUESTA,EXPIRADA,2025-09-18 00:00:00,Team C,Juan,A,1,NO
+573000000110,2025-09-19 00:00:00,ENVIADO,SIN RESPUESTA,ACTIVA,2025-09-19 00:00:00,Team B,Luisa,C,2,NO
+573000000476,2025-09-19 00:00:00,ENVIADO,ABIERTA,N/A,2025-09-19 00:00:00,Team A,Ana,C,0,NO
+573000000184,2025-09-19 00:00:00,ENVIADO,ABIERTA,ACTIVA,2025-09-19 00:00:00,Team C,Juan,B,1,NO
+573000000002,2025-09-19 00:00:00,ENVIADO,SIN RESPUESTA,EXPIRADA,2025-09-19 00:00:00,Team A,Luisa,D,1,NO
+573000000451,2025-09-19 00:00:00,ENVIADO,CERRADA,N/A,2025-09-19 00:00:00,Team B,María,D,1,NO
+573000000040,2025-09-19 00:00:00,ENVIADO,ABIERTA,ACTIVA,2025-09-19 00:00:00,Team C,Carlos,C,1,NO
+573000000404,2025-09-19 00:00:00,ENVIADO,SIN RESPUESTA,N/A,2025-09-19 00:00:00,Team A,María,C,2,NO
+573000000404,2025-09-20 00:00:00,FALLIDO,ABIERTA,N/A,2025-09-20 00:00:00,Team C,Ana,C,0,SI
+573000000198,2025-09-20 00:00:00,FALLIDO,SIN RESPUESTA,EXPIRADA,2025-09-20 00:00:00,Team C,Carlos,A,0,NO
+573000000345,2025-09-20 00:00:00,ENVIADO,SIN RESPUESTA,ACTIVA,2025-09-20 00:00:00,Team A,Carlos,A,1,NO
+573000000040,2025-09-20 00:00:00,ENVIADO,SIN RESPUESTA,ACTIVA,2025-09-20 00:00:00,Team A,Carlos,D,0,NO
+573000000184,2025-09-20 00:00:00,ENVIADO,SIN RESPUESTA,EXPIRADA,2025-09-20 00:00:00,Team A,Ana,B,2,NO
+573000000259,2025-09-20 00:00:00,ENVIADO,CERRADA,N/A,2025-09-20 00:00:00,Team B,Carlos,B,1,NO
+573000000251,2025-09-21 00:00:00,PENDIENTE,ABIERTA,ACTIVA,2025-09-21 00:00:00,Team B,María,D,1,NO
+573000000236,2025-09-21 00:00:00,PENDIENTE,ABIERTA,EXPIRADA,2025-09-21 00:00:00,Team A,Carlos,D,0,SI
+573000000017,2025-09-21 00:00:00,FALLIDO,ABIERTA,EXPIRADA,2025-09-21 00:00:00,Team C,Luisa,D,0,NO
+573000000079,2025-09-21 00:00:00,FALLIDO,ABIERTA,ACTIVA,2025-09-21 00:00:00,Team C,Juan,A,1,NO
+573000000127,2025-09-21 00:00:00,ENVIADO,SIN RESPUESTA,ACTIVA,2025-09-21 00:00:00,Team B,Juan,B,1,NO
+573000000200,2025-09-22 00:00:00,ENVIADO,ABIERTA,ACTIVA,2025-09-22 00:00:00,Team C,María,A,0,NO
+573000000471,2025-09-22 00:00:00,ENVIADO,SIN RESPUESTA,EXPIRADA,2025-09-22 00:00:00,Team B,María,B,0,NO
+573000000348,2025-09-22 00:00:00,ENVIADO,SIN RESPUESTA,ACTIVA,2025-09-22 00:00:00,Team B,María,D,2,NO
+573000000429,2025-09-23 00:00:00,ENVIADO,SIN RESPUESTA,ACTIVA,2025-09-23 00:00:00,Team A,Juan,C,1,NO
+573000000278,2025-09-23 00:00:00,ENVIADO,SIN RESPUESTA,N/A,2025-09-23 00:00:00,Team A,María,C,1,NO
+573000000464,2025-09-23 00:00:00,ENVIADO,ABIERTA,ACTIVA,2025-09-23 00:00:00,Team C,Luisa,C,0,NO
+573000000490,2025-09-23 00:00:00,PENDIENTE,CERRADA,ACTIVA,2025-09-23 00:00:00,Team C,Ana,B,1,NO
+573000000383,2025-09-23 00:00:00,PENDIENTE,ABIERTA,EXPIRADA,2025-09-23 00:00:00,Team C,Juan,A,0,SI
+573000000329,2025-09-24 00:00:00,ENVIADO,SIN RESPUESTA,EXPIRADA,2025-09-24 00:00:00,Team A,Carlos,C,0,NO
+573000000491,2025-09-24 00:00:00,ENVIADO,SIN RESPUESTA,ACTIVA,2025-09-24 00:00:00,Team C,Ana,A,1,SI
+573000000366,2025-09-24 00:00:00,ENVIADO,CERRADA,EXPIRADA,2025-09-24 00:00:00,Team C,Carlos,C,1,NO
+573000000315,2025-09-24 00:00:00,FALLIDO,ABIERTA,EXPIRADA,2025-09-24 00:00:00,Team A,María,D,1,NO
+573000000000,2025-09-24 00:00:00,ENVIADO,CERRADA,ACTIVA,2025-09-24 00:00:00,Team B,Ana,D,1,NO
+573000000495,2025-09-24 00:00:00,ENVIADO,SIN RESPUESTA,ACTIVA,2025-09-24 00:00:00,Team A,María,C,1,NO
+573000000306,2025-09-24 00:00:00,ENVIADO,ABIERTA,ACTIVA,2025-09-24 00:00:00,Team C,Ana,B,1,NO
+573000000001,2025-09-24 00:00:00,ENVIADO,SIN RESPUESTA,ACTIVA,2025-09-24 00:00:00,Team B,Luisa,D,2,NO
+573000000465,2025-09-25 00:00:00,ENVIADO,ABIERTA,ACTIVA,2025-09-25 00:00:00,Team B,María,C,1,NO
+573000000342,2025-09-25 00:00:00,ENVIADO,ABIERTA,ACTIVA,2025-09-25 00:00:00,Team A,María,D,1,NO
+573000000292,2025-09-25 00:00:00,ENVIADO,SIN RESPUESTA,EXPIRADA,2025-09-25 00:00:00,Team B,Luisa,C,1,NO
+573000000377,2025-09-25 00:00:00,ENVIADO,ABIERTA,ACTIVA,2025-09-25 00:00:00,Team B,Juan,B,0,NO
+573000000394,2025-09-26 00:00:00,ENVIADO,SIN RESPUESTA,N/A,2025-09-26 00:00:00,Team B,Juan,D,2,SI
+573000000150,2025-09-26 00:00:00,ENVIADO,ABIERTA,ACTIVA,2025-09-26 00:00:00,Team C,Ana,D,1,NO
+573000000275,2025-09-26 00:00:00,FALLIDO,ABIERTA,ACTIVA,2025-09-26 00:00:00,Team B,Juan,B,2,NO
+573000000412,2025-09-26 00:00:00,ENVIADO,CERRADA,N/A,2025-09-26 00:00:00,Team A,Ana,B,0,NO
+573000000450,2025-09-26 00:00:00,ENVIADO,ABIERTA,ACTIVA,2025-09-26 00:00:00,Team B,María,A,2,NO
+573000000354,2025-09-27 00:00:00,ENVIADO,ABIERTA,ACTIVA,2025-09-27 00:00:00,Team C,Carlos,A,0,SI
+573000000307,2025-09-27 00:00:00,ENVIADO,SIN RESPUESTA,N/A,2025-09-27 00:00:00,Team C,Juan,A,1,NO
+573000000144,2025-09-27 00:00:00,ENVIADO,ABIERTA,N/A,2025-09-27 00:00:00,Team B,Juan,A,2,NO
+573000000040,2025-09-27 00:00:00,FALLIDO,SIN RESPUESTA,ACTIVA,2025-09-27 00:00:00,Team A,Juan,A,0,SI
+573000000249,2025-09-27 00:00:00,ENVIADO,SIN RESPUESTA,ACTIVA,2025-09-27 00:00:00,Team C,Ana,A,0,SI
+573000000153,2025-09-28 00:00:00,FALLIDO,ABIERTA,N/A,2025-09-28 00:00:00,Team B,Carlos,D,1,NO
+573000000066,2025-09-28 00:00:00,ENVIADO,CERRADA,ACTIVA,2025-09-28 00:00:00,Team A,Carlos,D,1,NO
+573000000101,2025-09-28 00:00:00,ENVIADO,CERRADA,EXPIRADA,2025-09-28 00:00:00,Team A,María,D,0,NO
+573000000332,2025-09-28 00:00:00,FALLIDO,ABIERTA,ACTIVA,2025-09-28 00:00:00,Team C,Ana,C,1,NO
+573000000301,2025-09-28 00:00:00,PENDIENTE,ABIERTA,ACTIVA,2025-09-28 00:00:00,Team C,María,C,0,NO
+573000000410,2025-09-28 00:00:00,PENDIENTE,SIN RESPUESTA,EXPIRADA,2025-09-28 00:00:00,Team B,Ana,B,1,SI
+573000000148,2025-09-28 00:00:00,ENVIADO,CERRADA,ACTIVA,2025-09-28 00:00:00,Team B,María,B,0,SI
+573000000203,2025-09-28 00:00:00,ENVIADO,CERRADA,N/A,2025-09-28 00:00:00,Team B,Ana,D,1,SI
+573000000217,2025-09-29 00:00:00,FALLIDO,CERRADA,ACTIVA,2025-09-29 00:00:00,Team C,Juan,A,0,NO
+573000000084,2025-09-29 00:00:00,ENVIADO,ABIERTA,EXPIRADA,2025-09-29 00:00:00,Team A,María,B,1,SI
+573000000412,2025-09-29 00:00:00,ENVIADO,CERRADA,N/A,2025-09-29 00:00:00,Team C,Ana,A,0,SI
+573000000272,2025-09-29 00:00:00,ENVIADO,SIN RESPUESTA,N/A,2025-09-29 00:00:00,Team C,Ana,D,2,NO
+573000000440,2025-09-30 00:00:00,FALLIDO,ABIERTA,ACTIVA,2025-09-30 00:00:00,Team B,María,C,1,NO
+573000000126,2025-09-30 00:00:00,FALLIDO,SIN RESPUESTA,EXPIRADA,2025-09-30 00:00:00,Team A,Carlos,D,1,NO
+573000000174,2025-09-30 00:00:00,ENVIADO,SIN RESPUESTA,ACTIVA,2025-09-30 00:00:00,Team B,Ana,C,2,NO
+573000000223,2025-09-30 00:00:00,FALLIDO,SIN RESPUESTA,ACTIVA,2025-09-30 00:00:00,Team B,Ana,B,1,NO
+573000000095,2025-09-30 00:00:00,ENVIADO,SIN RESPUESTA,N/A,2025-09-30 00:00:00,Team B,Juan,B,2,NO
+573000000344,2025-09-30 00:00:00,ENVIADO,SIN RESPUESTA,EXPIRADA,2025-09-30 00:00:00,Team A,María,D,0,NO
+573000000189,2025-10-01 00:00:00,ENVIADO,SIN RESPUESTA,ACTIVA,2025-10-01 00:00:00,Team C,Juan,C,1,NO
+573000000131,2025-10-01 00:00:00,ENVIADO,SIN RESPUESTA,ACTIVA,2025-10-01 00:00:00,Team C,María,C,0,NO
+573000000108,2025-10-01 00:00:00,ENVIADO,ABIERTA,N/A,2025-10-01 00:00:00,Team C,Juan,B,0,NO
+573000000318,2025-10-01 00:00:00,FALLIDO,SIN RESPUESTA,ACTIVA,2025-10-01 00:00:00,Team C,Carlos,C,2,NO
+573000000405,2025-10-02 00:00:00,ENVIADO,CERRADA,ACTIVA,2025-10-02 00:00:00,Team B,Carlos,D,1,NO
+573000000180,2025-10-02 00:00:00,ENVIADO,ABIERTA,ACTIVA,2025-10-02 00:00:00,Team C,Carlos,D,2,NO
+573000000020,2025-10-02 00:00:00,ENVIADO,ABIERTA,N/A,2025-10-02 00:00:00,Team A,María,A,0,NO
+573000000279,2025-10-02 00:00:00,ENVIADO,SIN RESPUESTA,ACTIVA,2025-10-02 00:00:00,Team B,Juan,D,2,NO
+573000000070,2025-10-02 00:00:00,PENDIENTE,CERRADA,N/A,2025-10-02 00:00:00,Team B,María,B,0,SI
+573000000281,2025-10-02 00:00:00,ENVIADO,SIN RESPUESTA,ACTIVA,2025-10-02 00:00:00,Team B,Ana,D,2,NO
+573000000185,2025-10-02 00:00:00,ENVIADO,SIN RESPUESTA,N/A,2025-10-02 00:00:00,Team B,María,D,1,NO
+573000000389,2025-10-03 00:00:00,ENVIADO,ABIERTA,ACTIVA,2025-10-03 00:00:00,Team A,Ana,D,2,NO
+573000000108,2025-10-03 00:00:00,ENVIADO,SIN RESPUESTA,EXPIRADA,2025-10-03 00:00:00,Team B,María,C,2,SI
+573000000271,2025-10-03 00:00:00,ENVIADO,ABIERTA,EXPIRADA,2025-10-03 00:00:00,Team B,Carlos,C,0,NO
+573000000241,2025-10-04 00:00:00,ENVIADO,CERRADA,N/A,2025-10-04 00:00:00,Team B,Juan,B,1,NO
+573000000439,2025-10-04 00:00:00,ENVIADO,SIN RESPUESTA,ACTIVA,2025-10-04 00:00:00,Team B,Luisa,D,2,NO
+573000000145,2025-10-04 00:00:00,ENVIADO,ABIERTA,EXPIRADA,2025-10-04 00:00:00,Team B,Luisa,C,0,NO
+573000000484,2025-10-04 00:00:00,ENVIADO,ABIERTA,N/A,2025-10-04 00:00:00,Team C,Luisa,B,2,SI
+573000000182,2025-10-04 00:00:00,ENVIADO,SIN RESPUESTA,EXPIRADA,2025-10-04 00:00:00,Team C,Ana,D,2,NO
+573000000322,2025-10-04 00:00:00,ENVIADO,SIN RESPUESTA,EXPIRADA,2025-10-04 00:00:00,Team C,Juan,D,1,NO
+573000000433,2025-10-04 00:00:00,FALLIDO,SIN RESPUESTA,ACTIVA,2025-10-04 00:00:00,Team C,Luisa,A,2,SI
+573000000433,2025-10-05 00:00:00,PENDIENTE,SIN RESPUESTA,ACTIVA,2025-10-05 00:00:00,Team C,Juan,A,1,NO
+573000000038,2025-10-05 00:00:00,ENVIADO,CERRADA,ACTIVA,2025-10-05 00:00:00,Team C,Ana,B,1,NO
+573000000370,2025-10-05 00:00:00,ENVIADO,ABIERTA,N/A,2025-10-05 00:00:00,Team C,Luisa,B,0,NO
+573000000354,2025-10-05 00:00:00,ENVIADO,ABIERTA,ACTIVA,2025-10-05 00:00:00,Team C,María,B,0,NO
